date_time,temperature,humidity,wind_speed,wind_direction,pressure,precipitation,cloud_coverage,weather_condition,forecasted_weather,year,month,day
01-01-2012,8.9,88,4.7,63,1008.2,0,33,drizzle,drizzle,2012,1,1
02-01-2012,6.7,78,4.5,129,1020.1,10.9,25,rain,rain,2012,1,2
03-01-2012,9.45,64,2.3,309,1014.7,0.8,46,rain,drizzle,2012,1,3
04-01-2012,8.9,92,4.7,192,1011.3,20.3,4,rain,rain,2012,1,4
05-01-2012,5.85,57,6.1,306,1014.3,1.3,89,rain,sun,2012,1,5
06-01-2012,3.3,70,2.2,180,1008.1,2.5,19,rain,rain,2012,1,6
07-01-2012,5,88,2.3,291,993.5,0,5,rain,snow,2012,1,7
08-01-2012,6.4,68,2,281,1020.8,0,69,sun,sun,2012,1,8
09-01-2012,7.2,72,3.4,28,1023.7,4.3,58,rain,rain,2012,1,9
10-01-2012,3.35,60,3.4,148,1005.7,1,63,rain,rain,2012,1,10
11-01-2012,2.5,60,5.1,266,1011.5,0,17,sun,sun,2012,1,11
12-01-2012,2.2,73,1.9,295,1010.6,0,3,sun,sun,2012,1,12
13-01-2012,1.1,85,1.3,10,1016.5,0,16,sun,sun,2012,1,13
14-01-2012,2.5,89,5.3,163,1029.9,4.1,13,snow,rain,2012,1,14
15-01-2012,-1.1,73,3.2,112,1024.6,5.3,77,snow,snow,2012,1,15
16-01-2012,-0.55,52,5,186,1009.2,2.5,12,snow,snow,2012,1,16
17-01-2012,1.65,71,5.6,294,1018.4,8.1,6,snow,snow,2012,1,17
18-01-2012,-1.4,51,5,231,1025.5,19.8,43,snow,sun,2012,1,18
19-01-2012,-1.95,73,1.6,226,1017.1,15.2,14,snow,snow,2012,1,19
20-01-2012,3.05,93,2.3,309,1013,13.5,18,snow,snow,2012,1,20
21-01-2012,5.8,79,8.2,97,1017.5,3,62,rain,rain,2012,1,21
22-01-2012,4.45,87,4.8,54,1006,6.1,34,rain,snow,2012,1,22
23-01-2012,4.7,51,3.6,110,1007.4,0,80,rain,rain,2012,1,23
24-01-2012,6.1,70,5.1,151,1002.4,8.6,34,rain,drizzle,2012,1,24
25-01-2012,6.65,82,5.4,245,1016.1,8.1,18,rain,rain,2012,1,25
26-01-2012,5,61,4.8,68,1011.7,4.8,19,rain,rain,2012,1,26
27-01-2012,2.25,71,1.4,311,1004.8,0,99,drizzle,drizzle,2012,1,27
28-01-2012,3.65,93,2.2,288,1011.4,0,34,rain,fog,2012,1,28
29-01-2012,6.65,74,4.5,249,1017.7,27.7,31,rain,rain,2012,1,29
30-01-2012,7.2,98,5.1,35,1032.1,3.6,47,rain,rain,2012,1,30
31-01-2012,7.75,76,3.9,238,1023.1,1.8,43,rain,snow,2012,1,31
01-02-2012,6.1,91,2.7,147,990.2,13.5,23,rain,rain,2012,2,1
02-02-2012,5,77,2.6,226,1015.4,0,60,sun,sun,2012,2,2
03-02-2012,8.3,65,5.3,243,1027.3,0,16,sun,sun,2012,2,3
04-02-2012,10.3,64,4.3,336,999.6,0,70,sun,sun,2012,2,4
05-02-2012,7.8,96,2.9,200,1018.5,0,49,sun,snow,2012,2,5
06-02-2012,8.9,93,5,153,1010.6,0,64,sun,sun,2012,2,6
07-02-2012,11.7,52,5.3,72,1024.5,0.3,98,rain,rain,2012,2,7
08-02-2012,7.5,86,2.7,200,1017,2.8,31,rain,rain,2012,2,8
09-02-2012,9.45,56,2.4,295,1004.2,2.5,35,rain,rain,2012,2,9
10-02-2012,9.75,70,3,16,1011,2.5,12,rain,sun,2012,2,10
11-02-2012,7.25,58,3.4,128,1011.6,0.8,69,rain,rain,2012,2,11
12-02-2012,6.65,88,1.3,216,1011.8,1,57,rain,drizzle,2012,2,12
13-02-2012,5.8,67,1.4,60,1024.2,11.4,13,rain,rain,2012,2,13
14-02-2012,3.9,53,3.1,103,1004.6,2.5,36,rain,rain,2012,2,14
15-02-2012,3.9,74,1.8,41,1023,0,78,drizzle,drizzle,2012,2,15
16-02-2012,5.25,63,2.1,24,1010,1.8,67,rain,rain,2012,2,16
17-02-2012,7.2,99,3.4,38,1015.2,17.3,39,rain,fog,2012,2,17
18-02-2012,5.3,58,8.1,290,1013.7,6.4,58,rain,rain,2012,2,18
19-02-2012,4.45,75,4.7,130,1012.8,0,79,sun,sun,2012,2,19
20-02-2012,4.75,51,2.9,228,1012.9,3,91,rain,rain,2012,2,20
21-02-2012,8.9,69,7.5,107,1027.6,0.8,15,rain,rain,2012,2,21
22-02-2012,6.4,77,5.9,171,1021.4,8.6,61,rain,rain,2012,2,22
23-02-2012,5.55,96,3.9,101,1009.4,0,3,sun,sun,2012,2,23
24-02-2012,5.55,56,3.5,353,1028.8,11.4,44,rain,rain,2012,2,24
25-02-2012,5,93,6.4,11,1015.7,0,89,rain,rain,2012,2,25
26-02-2012,1.95,57,3.4,274,1016.6,1.3,27,snow,snow,2012,2,26
27-02-2012,2.25,96,3,100,1004.6,0,95,sun,sun,2012,2,27
28-02-2012,3.05,84,4.2,43,1008,3.6,65,snow,fog,2012,2,28
29-02-2012,3.05,63,7,304,1006.1,0.8,30,snow,rain,2012,2,29
01-03-2012,3.6,66,3.1,16,1013.9,0,2,sun,fog,2012,3,1
02-03-2012,5.3,85,5.1,329,1019.4,2,7,rain,rain,2012,3,2
03-03-2012,9.45,99,7,56,1016.7,0,23,sun,sun,2012,3,3
04-03-2012,8.65,89,5.6,310,1028.9,0,14,rain,rain,2012,3,4
05-03-2012,4.45,53,6.2,302,1004.1,6.9,42,rain,rain,2012,3,5
06-03-2012,3.35,51,2.7,11,1014.1,0.5,30,snow,snow,2012,3,6
07-03-2012,3.6,55,2.7,317,1000.2,0,72,sun,sun,2012,3,7
08-03-2012,8.1,91,2.5,79,1003.8,0,44,sun,sun,2012,3,8
09-03-2012,7.2,53,2.8,215,1025.6,3.6,65,rain,rain,2012,3,9
10-03-2012,6.65,78,3.4,338,1008.4,10.4,7,rain,rain,2012,3,10
11-03-2012,4.75,67,5.8,263,1005,13.7,70,rain,rain,2012,3,11
12-03-2012,4.45,75,6.2,148,991.7,19.3,56,snow,snow,2012,3,12
13-03-2012,3.1,93,5.3,80,1004.9,9.4,79,snow,snow,2012,3,13
14-03-2012,4.45,83,4.7,214,1010.9,8.6,98,rain,rain,2012,3,14
15-03-2012,8.35,59,5.8,197,999.4,23.9,29,snow,snow,2012,3,15
16-03-2012,6.4,85,5.1,199,1010.4,8.4,73,rain,rain,2012,3,16
17-03-2012,5.3,63,3.8,24,1025.7,9.4,17,snow,snow,2012,3,17
18-03-2012,2.2,80,2.7,88,1005.9,3.6,68,rain,rain,2012,3,18
19-03-2012,3.05,97,3,267,1003.6,2,92,rain,rain,2012,3,19
20-03-2012,5,64,6.4,142,1001.8,3.6,38,rain,rain,2012,3,20
21-03-2012,5,57,2.5,58,1001.6,1.3,59,rain,rain,2012,3,21
22-03-2012,5.85,63,2.1,25,1018.4,4.1,97,rain,rain,2012,3,22
23-03-2012,6.4,72,2.8,46,1013.5,0,42,sun,sun,2012,3,23
24-03-2012,9.15,89,5.2,287,1022.6,0,44,sun,sun,2012,3,24
25-03-2012,7.75,70,2.7,265,1033.2,0,22,rain,rain,2012,3,25
26-03-2012,9.45,65,4.3,15,994.7,0,68,drizzle,drizzle,2012,3,26
27-03-2012,10.55,94,3.8,198,1016.8,4.8,93,rain,rain,2012,3,27
28-03-2012,8.9,67,5.9,281,1001.8,1.3,5,rain,rain,2012,3,28
29-03-2012,8.05,96,4.4,85,1020.9,27.4,55,rain,sun,2012,3,29
30-03-2012,7.2,73,4.7,249,1010.3,5.6,3,rain,rain,2012,3,30
31-03-2012,6.4,75,3.4,269,1013.3,13.2,92,rain,snow,2012,3,31
01-04-2012,6.65,74,6.8,334,1000.2,1.5,22,rain,rain,2012,4,1
02-04-2012,10.55,94,3.1,116,1008.7,0,5,sun,sun,2012,4,2
03-04-2012,7.5,90,3.1,6,1013.9,1.5,31,rain,snow,2012,4,3
04-04-2012,6.7,78,2.1,136,1026.6,0,17,sun,rain,2012,4,4
05-04-2012,6.1,64,1.8,175,1005.1,4.6,14,snow,snow,2012,4,5
06-04-2012,7.2,94,2.6,327,1007.5,0.3,39,rain,fog,2012,4,6
07-04-2012,8.9,50,4.3,314,1022.4,0,95,sun,sun,2012,4,7
08-04-2012,14.15,74,4.1,214,1004.4,0,72,sun,drizzle,2012,4,8
09-04-2012,13.05,56,2.1,81,1024.4,0,100,sun,drizzle,2012,4,9
10-04-2012,13.35,58,3.2,222,1012.9,0,73,rain,fog,2012,4,10
11-04-2012,9.15,73,2.6,102,1016,2.3,83,rain,rain,2012,4,11
12-04-2012,9.75,50,2.6,272,1016.7,0.5,5,rain,rain,2012,4,12
13-04-2012,9.45,93,4,13,1006.8,0,62,drizzle,drizzle,2012,4,13
14-04-2012,9.45,57,3,158,1016.9,0,66,sun,sun,2012,4,14
15-04-2012,11.65,73,2.9,151,1005.3,0,10,rain,rain,2012,4,15
16-04-2012,10,60,5.8,107,1008,8.1,42,rain,rain,2012,4,16
17-04-2012,7.2,66,2,187,1018.6,1.8,16,rain,rain,2012,4,17
18-04-2012,10.25,57,3.9,300,1015.9,1.8,95,rain,rain,2012,4,18
19-04-2012,9.45,84,2.6,97,1012.3,10.9,3,rain,rain,2012,4,19
20-04-2012,10,84,2.7,130,1000.4,6.6,62,rain,rain,2012,4,20
21-04-2012,12.2,82,2.3,292,1002.9,0,67,sun,sun,2012,4,21
22-04-2012,15.8,54,2.6,170,1015.8,0,80,rain,rain,2012,4,22
23-04-2012,15.3,91,3.5,182,1020.3,0,40,sun,sun,2012,4,23
24-04-2012,11.95,88,2.8,38,1001.9,4.3,82,rain,snow,2012,4,24
25-04-2012,12.8,90,2.6,14,1004.6,10.7,4,rain,rain,2012,4,25
26-04-2012,10.3,77,5.2,3,1014.3,3.8,31,rain,rain,2012,4,26
27-04-2012,9.7,56,4.8,348,1014.1,0.8,85,rain,rain,2012,4,27
28-04-2012,12.2,58,2.5,209,996.8,0,69,drizzle,drizzle,2012,4,28
29-04-2012,12.25,57,1.6,160,1014.6,4.3,34,rain,rain,2012,4,29
30-04-2012,10,61,8,15,1007,4.3,21,rain,rain,2012,4,30
01-05-2012,8.9,83,6.4,107,1029.4,0.5,64,rain,rain,2012,5,1
02-05-2012,9.45,82,2.5,310,1015.5,0.5,83,rain,rain,2012,5,2
03-05-2012,9.15,97,3.4,226,1017.2,18.5,21,rain,rain,2012,5,3
04-05-2012,9.15,72,4.6,169,1017.5,1.8,10,rain,sun,2012,5,4
05-05-2012,9.15,73,2.3,33,1000.9,0,76,sun,sun,2012,5,5
06-05-2012,11.4,86,2.4,250,1032.4,0,2,sun,sun,2012,5,6
07-05-2012,15,84,2.2,246,996.8,0,8,sun,sun,2012,5,7
08-05-2012,13.85,93,3,268,1021,0,59,sun,sun,2012,5,8
09-05-2012,10,89,3.9,140,1019.2,0,75,rain,rain,2012,5,9
10-05-2012,9.15,71,3,273,1008.2,0,86,sun,sun,2012,5,10
11-05-2012,11.35,76,4.3,95,1019.7,0,13,sun,sun,2012,5,11
12-05-2012,15.55,84,3.4,226,1009.8,0,96,sun,sun,2012,5,12
13-05-2012,17.5,50,4.2,38,1006.2,0,17,sun,sun,2012,5,13
14-05-2012,19.75,84,3.8,301,1017.7,0,72,sun,sun,2012,5,14
15-05-2012,16.9,86,4.1,28,1002.9,0,22,drizzle,drizzle,2012,5,15
16-05-2012,14.4,96,3.5,317,1010.8,0,73,sun,sun,2012,5,16
17-05-2012,12.25,63,2.9,244,1007.1,0,82,rain,rain,2012,5,17
18-05-2012,11.7,52,3.1,235,1009.6,0,46,rain,rain,2012,5,18
19-05-2012,13.3,50,1.5,184,1017.3,0,68,sun,sun,2012,5,19
20-05-2012,13.05,54,1.3,271,1007.1,6.4,46,rain,rain,2012,5,20
21-05-2012,13.35,75,4,235,1011.1,14,86,rain,rain,2012,5,21
22-05-2012,10.85,63,4.8,238,1008,6.1,29,rain,rain,2012,5,22
23-05-2012,11.65,88,6.3,265,1027.4,0.3,24,rain,rain,2012,5,23
24-05-2012,13.05,76,3.3,358,1016.4,0,27,rain,rain,2012,5,24
25-05-2012,15.55,58,3.1,339,1015.2,0,97,rain,rain,2012,5,25
26-05-2012,15.55,64,3.6,64,1019.8,0,24,sun,sun,2012,5,26
27-05-2012,14.45,64,3.7,176,1007.1,0,73,sun,sun,2012,5,27
28-05-2012,13.35,75,3.4,2,1021.6,0,77,rain,rain,2012,5,28
29-05-2012,11.95,91,1.8,141,1016.5,0,57,sun,sun,2012,5,29
30-05-2012,15,62,1.5,157,997.4,0.3,93,rain,rain,2012,5,30
31-05-2012,15,81,2.7,323,998.7,3.8,40,rain,rain,2012,5,31
01-06-2012,16.4,88,3.7,145,1007.3,6.6,24,rain,rain,2012,6,1
02-06-2012,14.75,98,3.7,292,999.8,0.3,77,rain,rain,2012,6,2
03-06-2012,13.3,81,2.9,152,1010.6,0,98,sun,sun,2012,6,3
04-06-2012,10.85,53,3.1,192,1002.9,1.3,47,rain,rain,2012,6,4
05-06-2012,10.8,79,3.3,72,1012,16,97,rain,rain,2012,6,5
06-06-2012,11.1,86,3.4,304,1027.1,0,9,sun,sun,2012,6,6
07-06-2012,12.5,72,3.5,343,1012.5,16.5,98,rain,drizzle,2012,6,7
08-06-2012,11.65,88,3,139,1010,1.5,74,rain,rain,2012,6,8
09-06-2012,12.75,94,4.7,186,1016.9,0,10,rain,rain,2012,6,9
10-06-2012,14.45,64,2.9,292,1006,0,84,sun,sun,2012,6,10
11-06-2012,16.65,92,1.8,60,1021.4,0,20,rain,rain,2012,6,11
12-06-2012,15.55,78,3.9,197,1018,0.8,85,rain,rain,2012,6,12
13-06-2012,13.6,85,4.3,294,1013.4,0,44,sun,sun,2012,6,13
14-06-2012,13.6,62,2.7,318,1014.5,0,6,sun,sun,2012,6,14
15-06-2012,15.8,81,1.7,301,1033.4,0,80,sun,sun,2012,6,15
16-06-2012,18.05,56,4.1,343,1022.4,0,63,rain,rain,2012,6,16
17-06-2012,15.3,71,6.4,10,1035,0,63,sun,sun,2012,6,17
18-06-2012,13.6,77,3.8,61,1018.3,3,1,rain,rain,2012,6,18
19-06-2012,14.7,51,3,332,998.3,1,75,rain,rain,2012,6,19
20-06-2012,17.2,91,3,225,1010.4,0,41,sun,sun,2012,6,20
21-06-2012,17.8,94,2.1,152,996,0,81,sun,snow,2012,6,21
22-06-2012,12.8,55,1.9,198,1018.3,15.7,53,rain,rain,2012,6,22
23-06-2012,12.5,77,2.5,51,1020.5,8.6,74,rain,rain,2012,6,23
24-06-2012,14.4,77,2,259,1004.1,0,15,drizzle,drizzle,2012,6,24
25-06-2012,15.25,93,3.1,58,1006.4,0.5,17,rain,rain,2012,6,25
26-06-2012,14.45,93,3.4,71,1014.5,0,98,rain,rain,2012,6,26
27-06-2012,15.85,69,1.8,147,1001,0,58,sun,sun,2012,6,27
28-06-2012,16.95,79,2.5,348,1000.3,0,89,rain,rain,2012,6,28
29-06-2012,18.35,60,1.9,62,1025.4,0.3,15,rain,sun,2012,6,29
30-06-2012,16.65,77,2.4,309,1014.1,3,5,rain,rain,2012,6,30
01-07-2012,16.1,74,2.3,242,1007.4,0,56,rain,rain,2012,7,1
02-07-2012,15.3,88,2.1,329,996.1,2,46,rain,rain,2012,7,2
03-07-2012,14.45,82,6,106,1021.5,5.8,47,rain,rain,2012,7,3
04-07-2012,15,50,3.8,225,1006.2,0,41,sun,sun,2012,7,4
05-07-2012,17.5,76,3.1,312,1031.6,0,75,drizzle,drizzle,2012,7,5
06-07-2012,18.05,62,2.1,217,1021.6,0,59,sun,sun,2012,7,6
07-07-2012,19.75,90,3.8,240,1004.9,0,76,sun,sun,2012,7,7
08-07-2012,21.35,52,2.8,258,1005.8,0,3,rain,rain,2012,7,8
09-07-2012,18.9,88,2,261,1030.2,1.5,1,rain,rain,2012,7,9
10-07-2012,17.5,55,2.3,4,1012.2,0,89,drizzle,drizzle,2012,7,10
11-07-2012,20.55,57,2.9,260,1007.9,0,58,fog,fog,2012,7,11
12-07-2012,19.45,76,2.7,53,1013.3,0,26,drizzle,drizzle,2012,7,12
13-07-2012,18.6,58,2.2,46,1007.8,0.5,26,rain,rain,2012,7,13
14-07-2012,20,86,2.2,214,1015.4,0,78,rain,rain,2012,7,14
15-07-2012,16.1,82,3.8,176,1012.2,0,71,rain,rain,2012,7,15
16-07-2012,19.7,91,2.5,8,1021.8,0.3,6,rain,rain,2012,7,16
17-07-2012,18.35,93,2.6,98,1009.1,0,62,sun,sun,2012,7,17
18-07-2012,17.75,73,2.9,19,1004.2,0,45,sun,sun,2012,7,18
19-07-2012,19.7,64,2.2,240,1009.5,0,62,sun,sun,2012,7,19
20-07-2012,16.65,81,4,60,1009.4,15.2,11,rain,rain,2012,7,20
21-07-2012,18.9,81,2.3,177,1012.2,0,12,sun,sun,2012,7,21
22-07-2012,16.4,73,3.9,337,1019.3,1,42,rain,rain,2012,7,22
23-07-2012,15,90,3.3,61,1018.8,0,16,rain,rain,2012,7,23
24-07-2012,17.75,98,4.3,144,1025,0,62,sun,sun,2012,7,24
25-07-2012,19.75,98,2.6,215,1004.9,0,80,sun,drizzle,2012,7,25
26-07-2012,19.2,61,2.2,2,1016.9,0,35,drizzle,drizzle,2012,7,26
27-07-2012,16.4,88,2.8,159,1020.3,0,84,drizzle,drizzle,2012,7,27
28-07-2012,17.75,51,1.7,226,1006.3,0,7,drizzle,drizzle,2012,7,28
29-07-2012,18.9,52,2,268,1010.9,0,68,sun,sun,2012,7,29
30-07-2012,16.35,98,3,119,995.5,0,89,sun,sun,2012,7,30
31-07-2012,18.35,86,2.8,88,1022.1,0,79,sun,sun,2012,7,31
01-08-2012,18.6,98,2.2,328,1010.8,0,35,drizzle,drizzle,2012,8,1
02-08-2012,17.75,66,2.5,67,1021.1,0,27,sun,sun,2012,8,2
03-08-2012,20,98,3.9,356,1015.1,0,92,sun,sun,2012,8,3
04-08-2012,25.3,51,3.7,97,1011.1,0,46,sun,rain,2012,8,4
05-08-2012,25.85,51,1.9,266,997.1,0,75,sun,rain,2012,8,5
06-08-2012,21.95,77,2.5,104,998.9,0,100,rain,sun,2012,8,6
07-08-2012,18.05,72,2.6,322,987.1,0,29,drizzle,drizzle,2012,8,7
08-08-2012,18.6,86,3.1,122,1007.4,0,22,sun,sun,2012,8,8
09-08-2012,19.4,81,3.8,28,1035.8,0,15,drizzle,drizzle,2012,8,9
10-08-2012,18.9,82,2.3,136,1000.1,0,13,sun,sun,2012,8,10
11-08-2012,20.8,50,2.5,194,986.7,0,73,sun,rain,2012,8,11
12-08-2012,22.8,68,3,225,1022.6,0,70,sun,sun,2012,8,12
13-08-2012,22.8,51,2.8,331,1036.6,0,51,sun,sun,2012,8,13
14-08-2012,21.4,93,2.8,169,1016,0,36,sun,sun,2012,8,14
15-08-2012,23.9,75,4.7,8,1015.9,0,28,sun,snow,2012,8,15
16-08-2012,26.35,81,2.8,39,1009.9,0,66,sun,sun,2012,8,16
17-08-2012,24.45,55,1.8,24,995.1,0,14,sun,sun,2012,8,17
18-08-2012,18.05,81,3,260,998.5,0,99,drizzle,sun,2012,8,18
19-08-2012,19.15,53,2.7,225,1009.8,0,46,drizzle,drizzle,2012,8,19
20-08-2012,20.3,60,1.9,123,1007.9,0,45,sun,snow,2012,8,20
21-08-2012,18.3,66,3,37,1011.8,0,51,rain,rain,2012,8,21
22-08-2012,17.75,87,2.3,327,1021.3,0,18,sun,sun,2012,8,22
23-08-2012,17.5,73,3.8,250,1007.2,0,76,sun,sun,2012,8,23
24-08-2012,16.1,54,3.3,175,1021.5,0,20,sun,sun,2012,8,24
25-08-2012,18.9,83,3.2,89,1007.2,0,63,sun,snow,2012,8,25
26-08-2012,16.65,55,3.4,36,1023.4,0,36,sun,sun,2012,8,26
27-08-2012,18.6,71,1.8,315,1013.9,0,26,sun,sun,2012,8,27
28-08-2012,17.5,60,3.2,175,1008.6,0,54,sun,sun,2012,8,28
29-08-2012,18.05,97,2.4,283,1013.7,0,28,sun,sun,2012,8,29
30-08-2012,17.8,65,1.9,80,1010.1,0,19,sun,sun,2012,8,30
31-08-2012,16.4,82,2.9,113,1014.1,0,24,sun,sun,2012,8,31
01-09-2012,16.15,58,2.1,39,1020.6,0,69,sun,sun,2012,9,1
02-09-2012,15.55,55,2,300,1012.1,0,62,sun,snow,2012,9,2
03-09-2012,17.8,65,3.3,223,1009.3,0,35,sun,sun,2012,9,3
04-09-2012,17.75,78,3.1,317,1001.8,0,1,sun,sun,2012,9,4
05-09-2012,18.9,52,2.6,348,1018.8,0,21,sun,sun,2012,9,5
06-09-2012,21.35,69,4.2,114,1016.5,0,95,sun,sun,2012,9,6
07-09-2012,22.75,85,3.1,185,1001.2,0,15,sun,snow,2012,9,7
08-09-2012,19.15,68,3,322,1021.4,0,17,sun,sun,2012,9,8
09-09-2012,16.4,75,5,55,1001,0.3,68,rain,rain,2012,9,9
10-09-2012,15.85,52,3.9,39,1023.3,0.3,53,rain,drizzle,2012,9,10
11-09-2012,14.45,68,4.2,353,1019.9,0,99,sun,sun,2012,9,11
12-09-2012,16.1,69,5.6,39,1017.2,0,29,sun,sun,2012,9,12
13-09-2012,19.75,81,3.6,346,1009.2,0,44,sun,fog,2012,9,13
14-09-2012,18.6,56,1.5,236,1018.8,0,18,sun,sun,2012,9,14
15-09-2012,16.65,90,1.9,288,1023.8,0,86,sun,sun,2012,9,15
16-09-2012,16.9,82,2.3,261,1018.9,0,33,sun,sun,2012,9,16
17-09-2012,19.75,89,2.2,215,1006.3,0,12,fog,fog,2012,9,17
18-09-2012,19.75,88,1.4,146,1015.7,0,42,sun,sun,2012,9,18
19-09-2012,17.8,67,1.9,335,1024.3,0,61,drizzle,drizzle,2012,9,19
20-09-2012,14.7,89,2.5,167,1035,0,92,drizzle,drizzle,2012,9,20
21-09-2012,14.45,50,2.1,91,1010.9,0,99,drizzle,drizzle,2012,9,21
22-09-2012,15.55,60,1.1,352,1021.6,0.3,21,rain,rain,2012,9,22
23-09-2012,14.7,77,1.4,58,1024.3,0,51,fog,fog,2012,9,23
24-09-2012,15.55,74,1.8,58,1004.9,0,51,fog,fog,2012,9,24
25-09-2012,15.25,99,1.7,303,1030.8,0,35,sun,rain,2012,9,25
26-09-2012,14.4,72,1.7,168,1002.3,0,72,drizzle,drizzle,2012,9,26
27-09-2012,16.4,80,1.7,268,1021.1,0,18,drizzle,drizzle,2012,9,27
28-09-2012,18.6,79,1.1,44,1016.1,0,37,rain,rain,2012,9,28
29-09-2012,16.4,91,4.3,344,1013.6,0,69,sun,sun,2012,9,29
30-09-2012,14.45,84,3.1,180,1038.5,0,78,sun,sun,2012,9,30
01-10-2012,16.1,56,3,169,1010,0,56,sun,sun,2012,10,1
02-10-2012,13.9,65,4.1,355,1009.8,0,19,sun,sun,2012,10,2
03-10-2012,13.35,75,7.3,190,1026.3,0,8,sun,sun,2012,10,3
04-10-2012,13.6,97,6.5,154,1020.6,0,31,sun,sun,2012,10,4
05-10-2012,15.3,98,5.7,187,1025.8,0,3,sun,fog,2012,10,5
06-10-2012,15.85,51,5.1,6,1014.2,0,49,sun,sun,2012,10,6
07-10-2012,15.85,50,1.3,132,1016.2,0,81,sun,sun,2012,10,7
08-10-2012,14.45,97,1.9,234,1032,0,4,sun,sun,2012,10,8
09-10-2012,12.5,61,1.6,44,1004.6,0,19,drizzle,drizzle,2012,10,9
10-10-2012,10.25,54,1.4,313,1012,0,86,drizzle,drizzle,2012,10,10
11-10-2012,10.55,86,1.3,248,1021,0,74,drizzle,drizzle,2012,10,11
12-10-2012,11.4,81,4.6,30,1011,2,36,rain,rain,2012,10,12
13-10-2012,13.9,58,3.9,22,1007.3,4.8,21,rain,rain,2012,10,13
14-10-2012,15.55,90,3.4,159,1019.2,16.5,57,rain,rain,2012,10,14
15-10-2012,14.15,84,4.6,157,1026.4,7.9,67,rain,rain,2012,10,15
16-10-2012,12.2,68,5.5,38,1011.6,0,92,sun,sun,2012,10,16
17-10-2012,10.25,97,1.6,81,1011.3,0,43,sun,sun,2012,10,17
18-10-2012,12.25,65,2,355,1006.5,20.8,33,rain,rain,2012,10,18
19-10-2012,12.2,52,5.3,257,1010,4.8,76,rain,rain,2012,10,19
20-10-2012,8.6,69,5.7,205,1023.8,0.5,41,rain,rain,2012,10,20
21-10-2012,8.05,73,2.7,76,1013.8,6.4,8,rain,rain,2012,10,21
22-10-2012,5.55,82,2.6,11,1005,8.9,94,rain,rain,2012,10,22
23-10-2012,8.35,73,3,294,1015.6,0,6,rain,rain,2012,10,23
24-10-2012,8.9,60,2.1,223,1023.5,7.1,67,rain,rain,2012,10,24
25-10-2012,9.2,98,1.5,12,1007.4,0,18,sun,sun,2012,10,25
26-10-2012,9.15,57,2.5,45,999.7,1.5,93,rain,snow,2012,10,26
27-10-2012,11.9,85,5.1,154,1034.9,23.1,30,rain,rain,2012,10,27
28-10-2012,12.2,87,3.8,112,999.2,6.1,34,rain,rain,2012,10,28
29-10-2012,12.8,89,4.9,232,1009.4,10.9,56,rain,rain,2012,10,29
30-10-2012,13.6,69,2.8,16,1015.3,34.5,84,rain,rain,2012,10,30
31-10-2012,13.35,84,2.7,359,1010.3,14.5,60,rain,rain,2012,10,31
01-11-2012,12.8,97,3,222,1012.3,9.7,30,rain,rain,2012,11,1
02-11-2012,12.8,74,1,353,1018.8,5.6,82,rain,rain,2012,11,2
03-11-2012,13.35,84,3.6,187,989.1,0.5,94,rain,rain,2012,11,3
04-11-2012,15.3,74,3.8,343,1000.3,8.1,52,rain,rain,2012,11,4
05-11-2012,11.4,78,4,162,1013.4,0.8,31,rain,rain,2012,11,5
06-11-2012,9.75,67,3.5,325,1009,0.3,65,rain,sun,2012,11,6
07-11-2012,8.05,95,3.4,73,1014.3,0,58,rain,rain,2012,11,7
08-11-2012,5.55,67,3.4,232,1015.3,0,9,rain,rain,2012,11,8
09-11-2012,5,51,2,223,991.8,0,1,rain,rain,2012,11,9
10-11-2012,3.6,84,2.2,318,1025.7,0,65,sun,sun,2012,11,10
11-11-2012,5,65,3,59,1008,15.2,59,rain,rain,2012,11,11
12-11-2012,9.45,90,3,334,1004.3,3.6,87,rain,rain,2012,11,12
13-11-2012,9.45,85,2.5,221,1015.1,5.3,16,rain,rain,2012,11,13
14-11-2012,8.05,82,2.6,36,1014.1,0.8,95,rain,snow,2012,11,14
15-11-2012,6.1,53,2.4,277,1025,0,15,drizzle,drizzle,2012,11,15
16-11-2012,5.8,82,1.6,195,1015.7,5.6,15,rain,fog,2012,11,16
17-11-2012,9.15,63,5.3,351,1024.6,6.1,45,rain,rain,2012,11,17
18-11-2012,8.05,70,4.9,241,1003.6,7.9,38,rain,rain,2012,11,18
19-11-2012,10.8,97,6,323,1014.4,54.1,30,rain,rain,2012,11,19
20-11-2012,9.15,69,4.2,218,1001.9,3.8,87,rain,rain,2012,11,20
21-11-2012,6.1,57,5.5,191,1014,11.2,0,rain,rain,2012,11,21
22-11-2012,5.85,56,1.5,16,1011.9,0,10,rain,rain,2012,11,22
23-11-2012,7.75,52,2.4,11,1011.4,32,84,rain,rain,2012,11,23
24-11-2012,6.4,66,1.2,192,1011.5,0,3,rain,rain,2012,11,24
25-11-2012,4.7,82,3.6,21,1020.4,0,70,drizzle,drizzle,2012,11,25
26-11-2012,5.55,97,3.8,119,996.9,0,25,fog,fog,2012,11,26
27-11-2012,5.85,61,1.5,209,1004,0,49,sun,drizzle,2012,11,27
28-11-2012,5.8,71,2.9,305,1012.6,2.8,11,rain,rain,2012,11,28
29-11-2012,10.3,71,4.2,269,1001.2,1.5,94,rain,rain,2012,11,29
30-11-2012,11.4,95,4.6,191,1013.5,35.6,80,rain,rain,2012,11,30
01-12-2012,10.8,79,5.5,174,1012.5,4.1,96,rain,rain,2012,12,1
02-12-2012,7.75,87,6.2,284,999,19.6,74,rain,rain,2012,12,2
03-12-2012,8.3,87,4.4,203,998.5,13,91,rain,rain,2012,12,3
04-12-2012,9.45,94,6.2,163,986.8,14.2,95,rain,rain,2012,12,4
05-12-2012,6.65,57,5,250,1000.8,1.5,64,rain,rain,2012,12,5
06-12-2012,6.65,76,5.1,226,1013.1,1.5,46,rain,rain,2012,12,6
07-12-2012,5.55,76,4.6,6,1014.6,1,91,rain,rain,2012,12,7
08-12-2012,5,83,2,28,1015,0,52,sun,sun,2012,12,8
09-12-2012,4.75,70,2.1,32,1005.2,1.5,70,rain,rain,2012,12,9
10-12-2012,6.4,79,1.8,133,1012.8,0.5,1,rain,rain,2012,12,10
11-12-2012,6.7,82,4.5,78,1017,3,23,rain,rain,2012,12,11
12-12-2012,5.55,77,2,57,1000.3,8.1,3,rain,rain,2012,12,12
13-12-2012,5.25,96,2.8,25,1014.2,2.3,18,rain,rain,2012,12,13
14-12-2012,3.6,82,1.7,225,1019.6,7.9,25,rain,rain,2012,12,14
15-12-2012,2.5,54,5.1,284,1008.1,5.3,74,snow,snow,2012,12,15
16-12-2012,5,97,5.5,3,1023.6,22.6,39,snow,snow,2012,12,16
17-12-2012,5,68,9.5,98,1008.3,2,49,rain,rain,2012,12,17
18-12-2012,2.25,53,5.3,38,1004.4,3.3,42,snow,snow,2012,12,18
19-12-2012,5,84,5.8,270,1018.6,13.7,74,snow,snow,2012,12,19
20-12-2012,3.9,98,3.7,284,1033.3,13.2,66,rain,rain,2012,12,20
21-12-2012,3.3,66,1.7,156,1013.9,1.8,11,rain,rain,2012,12,21
22-12-2012,6.1,93,3.5,74,1019.3,3.3,66,rain,rain,2012,12,22
23-12-2012,5.25,77,2.5,287,1007.9,6.6,26,rain,rain,2012,12,23
24-12-2012,4.2,79,2.8,129,1000.6,0.3,53,rain,rain,2012,12,24
25-12-2012,4.2,78,4.2,174,1014.7,13.5,65,snow,snow,2012,12,25
26-12-2012,5,95,4.9,83,1016.2,4.6,48,rain,rain,2012,12,26
27-12-2012,5.55,55,3.2,21,1009.4,4.1,15,rain,rain,2012,12,27
28-12-2012,6.1,84,1.7,26,1019.3,0,1,rain,rain,2012,12,28
29-12-2012,4.15,90,1.7,194,1006.5,1.5,59,rain,rain,2012,12,29
30-12-2012,2.2,86,1.8,336,1004,0,53,drizzle,drizzle,2012,12,30
31-12-2012,1.1,73,2,235,1023.6,0,29,drizzle,drizzle,2012,12,31
01-01-2013,1.1,78,2.7,91,1023.7,0,83,sun,sun,2013,1,1
02-01-2013,2.5,98,3.2,20,1006.7,0,37,sun,sun,2013,1,2
03-01-2013,2.5,95,3,302,1030.2,4.1,27,rain,rain,2013,1,3
04-01-2013,6.1,80,2.8,356,1010.1,2.5,24,rain,sun,2013,1,4
05-01-2013,5.55,84,3.1,83,1013.8,3,95,rain,rain,2013,1,5
06-01-2013,5,82,3,261,1012.2,2,9,rain,rain,2013,1,6
07-01-2013,7.2,70,7.3,146,1018.2,2.3,59,rain,rain,2013,1,7
08-01-2013,8.65,81,6.3,256,1015.7,16.3,41,rain,rain,2013,1,8
09-01-2013,5.85,72,5.1,57,1015.6,38.4,39,rain,snow,2013,1,9
10-01-2013,1.35,82,2.1,14,1002.8,0.3,96,snow,snow,2013,1,10
11-01-2013,0,52,1.9,161,996.1,0,76,drizzle,drizzle,2013,1,11
12-01-2013,-0.55,67,2,162,1024.4,0,41,sun,sun,2013,1,12
13-01-2013,-1.1,74,1.5,319,1007.5,0,46,sun,sun,2013,1,13
14-01-2013,0.55,91,1.3,280,1012.5,0,36,sun,sun,2013,1,14
15-01-2013,3.05,80,2.3,279,1016.3,0,79,sun,sun,2013,1,15
16-01-2013,1.1,52,1.8,11,1029.3,0,21,drizzle,drizzle,2013,1,16
17-01-2013,0.55,89,1,273,1014.6,0,56,drizzle,drizzle,2013,1,17
18-01-2013,1.1,95,1.3,270,1009.1,0,83,drizzle,drizzle,2013,1,18
19-01-2013,0.25,73,1.9,207,1007.8,0,26,drizzle,drizzle,2013,1,19
20-01-2013,1.35,99,2.1,26,1012.6,0,40,drizzle,drizzle,2013,1,20
21-01-2013,0.25,81,1.1,71,1003.9,0,79,drizzle,rain,2013,1,21
22-01-2013,0.8,96,0.6,59,1013.3,0,33,drizzle,drizzle,2013,1,22
23-01-2013,4.7,71,3.1,144,1012.5,5.1,31,rain,rain,2013,1,23
24-01-2013,4.15,72,2.6,92,1029.4,5.8,89,rain,fog,2013,1,24
25-01-2013,6.7,51,2.1,308,1012.2,3,88,rain,rain,2013,1,25
26-01-2013,6.1,76,4.5,7,993.8,2.3,65,rain,rain,2013,1,26
27-01-2013,4.75,91,4.5,78,1039.7,1.8,11,rain,rain,2013,1,27
28-01-2013,4.7,51,3.2,26,1022.6,7.9,39,rain,sun,2013,1,28
29-01-2013,6.65,75,3.9,173,1033.8,4.3,72,rain,sun,2013,1,29
30-01-2013,7.8,66,3.9,49,1001.4,3.6,75,rain,rain,2013,1,30
31-01-2013,8.3,89,4,198,1010.8,3,89,rain,rain,2013,1,31
01-02-2013,8.35,82,2.9,348,1019.7,0.3,72,rain,snow,2013,2,1
02-02-2013,4.45,58,2,180,1018.4,0,9,drizzle,drizzle,2013,2,2
03-02-2013,5.85,92,2.9,23,1016.1,2.3,95,rain,rain,2013,2,3
04-02-2013,8.65,97,2.6,315,991,0,97,rain,rain,2013,2,4
05-02-2013,8.35,88,5.1,45,995.9,3.3,47,rain,sun,2013,2,5
06-02-2013,8.35,78,4.5,14,1028.2,1,19,rain,rain,2013,2,6
07-02-2013,6.35,91,4.1,152,1030,1.3,38,rain,rain,2013,2,7
08-02-2013,5,75,1.3,221,1011.9,0,59,sun,sun,2013,2,8
09-02-2013,6.35,84,1.3,205,1026.9,0.3,65,rain,rain,2013,2,9
10-02-2013,5.3,99,2,272,1002.8,0,64,drizzle,drizzle,2013,2,10
11-02-2013,6.35,74,1.4,235,1005.1,0.3,50,rain,rain,2013,2,11
12-02-2013,9.15,73,5.6,339,1002,1,35,rain,rain,2013,2,12
13-02-2013,8.3,62,4.1,227,1004.5,2.3,23,rain,rain,2013,2,13
14-02-2013,7.5,56,2.2,8,1020.2,1,26,rain,rain,2013,2,14
15-02-2013,9.15,85,2.4,165,1004.4,0,1,drizzle,drizzle,2013,2,15
16-02-2013,7.5,94,5.6,318,1035.4,0,30,rain,rain,2013,2,16
17-02-2013,6.9,69,3.4,213,1017.6,0,56,rain,rain,2013,2,17
18-02-2013,5.85,50,1.9,116,1023.8,0,77,rain,rain,2013,2,18
19-02-2013,6.15,57,3.4,343,1017.9,0,65,sun,sun,2013,2,19
20-02-2013,4.45,95,2.1,71,1025.1,1.5,28,rain,rain,2013,2,20
21-02-2013,5.3,65,6.2,63,1004.3,0.5,14,rain,fog,2013,2,21
22-02-2013,5.85,63,8.1,204,1027.5,9.4,11,rain,rain,2013,2,22
23-02-2013,6.95,61,4.6,208,1014.4,0.3,100,rain,rain,2013,2,23
24-02-2013,6.95,72,5.5,71,1025.1,0,27,rain,rain,2013,2,24
25-02-2013,6.95,64,7.1,276,998.6,2.3,83,rain,rain,2013,2,25
26-02-2013,6.4,77,3.8,273,1014.8,0.5,23,rain,rain,2013,2,26
27-02-2013,7.2,83,1.8,319,1014.5,4.6,20,rain,snow,2013,2,27
28-02-2013,9.2,51,3.8,337,1006.8,8.1,9,rain,rain,2013,2,28
01-03-2013,13.05,81,5.4,94,1016.1,4.1,77,rain,rain,2013,3,1
02-03-2013,9.45,72,4.5,165,1028.4,0.8,100,rain,rain,2013,3,2
03-03-2013,6.65,71,2.8,31,1006,0,17,sun,sun,2013,3,3
04-03-2013,6.65,74,3.9,10,1022.6,0,87,sun,sun,2013,3,4
05-03-2013,7.75,71,2.4,300,1001.7,0,13,rain,rain,2013,3,5
06-03-2013,6.1,71,4.1,216,1034.1,11.9,33,rain,snow,2013,3,6
07-03-2013,8.6,98,2.5,288,1020.8,7.4,57,rain,rain,2013,3,7
08-03-2013,6.95,91,2.6,101,1030.3,0,75,drizzle,drizzle,2013,3,8
09-03-2013,6.95,55,1.3,266,1019.7,0,21,fog,fog,2013,3,9
10-03-2013,5.85,64,1.6,213,1016.9,0.8,69,rain,rain,2013,3,10
11-03-2013,8.35,92,1.1,178,1020.9,1.3,35,rain,snow,2013,3,11
12-03-2013,11.4,86,5.7,87,1011.6,2,44,rain,rain,2013,3,12
13-03-2013,10.55,82,3.7,40,996.8,2.3,35,rain,rain,2013,3,13
14-03-2013,10.55,57,3,75,1017.5,2.8,21,rain,rain,2013,3,14
15-03-2013,11.65,93,4.3,45,1005.4,0,77,rain,rain,2013,3,15
16-03-2013,7.5,93,6.4,159,1002,4.3,79,rain,rain,2013,3,16
17-03-2013,6.4,54,6.1,79,1019.4,0,60,sun,sun,2013,3,17
18-03-2013,7.8,88,5.9,309,1010.2,0,99,rain,rain,2013,3,18
19-03-2013,7.25,53,3.4,85,1023.3,11.7,55,rain,rain,2013,3,19
20-03-2013,7.75,55,7.6,91,1005.1,9.9,88,rain,drizzle,2013,3,20
21-03-2013,6.1,94,4.9,147,1008.3,8.1,95,snow,snow,2013,3,21
22-03-2013,5,81,2.2,160,1024.5,0,32,sun,sun,2013,3,22
23-03-2013,5.55,79,2.6,201,1015.8,0,44,sun,fog,2013,3,23
24-03-2013,6.4,96,2.1,241,998.2,0,35,sun,drizzle,2013,3,24
25-03-2013,10.55,84,2.8,352,1015.6,0,19,sun,sun,2013,3,25
26-03-2013,11.4,89,1.7,1,1027.8,0,17,sun,snow,2013,3,26
27-03-2013,10.25,65,1.6,224,1008.2,0.3,37,rain,rain,2013,3,27
28-03-2013,12.2,62,1.3,288,1019,2,66,rain,rain,2013,3,28
29-03-2013,13.05,99,2.5,232,1004.5,0,22,rain,snow,2013,3,29
30-03-2013,12.8,91,4.4,76,1011.6,0,95,drizzle,drizzle,2013,3,30
31-03-2013,13.65,79,2.9,115,1023.9,0,15,sun,drizzle,2013,3,31
01-04-2013,12.75,68,3.6,153,1015.2,0,58,sun,sun,2013,4,1
02-04-2013,11.4,66,2.2,102,1025.9,0,68,sun,sun,2013,4,2
03-04-2013,12.25,68,1.6,193,1017.3,0,67,sun,sun,2013,4,3
04-04-2013,12.2,77,3,165,1035.2,8.4,20,rain,rain,2013,4,4
05-04-2013,11.95,75,5.6,358,997.4,18.5,77,rain,rain,2013,4,5
06-04-2013,9.7,86,5,89,1010.8,12.7,94,rain,rain,2013,4,6
07-04-2013,6.65,75,3.9,173,1002.2,39.1,77,rain,rain,2013,4,7
08-04-2013,9.7,72,3.1,121,1002.8,0.8,69,rain,rain,2013,4,8
09-04-2013,9.15,58,2.4,142,1002.9,0,11,sun,sun,2013,4,9
10-04-2013,11.95,61,6.4,105,1014.7,9.4,15,rain,snow,2013,4,10
11-04-2013,9.45,50,3.8,304,1015.3,1.5,80,rain,rain,2013,4,11
12-04-2013,6.1,50,4.6,359,1017.3,9.7,86,rain,rain,2013,4,12
13-04-2013,6.95,96,5.7,316,1001.8,9.4,13,rain,rain,2013,4,13
14-04-2013,8.6,83,2.3,122,1009.8,5.8,60,rain,rain,2013,4,14
15-04-2013,9.15,81,2.4,8,1003.4,0,70,fog,fog,2013,4,15
16-04-2013,8.6,97,2.6,261,1022.4,0.3,45,rain,rain,2013,4,16
17-04-2013,9.45,74,3.3,72,1004.3,0,31,drizzle,drizzle,2013,4,17
18-04-2013,9.2,89,4,358,1010.9,5.3,14,rain,rain,2013,4,18
19-04-2013,11.35,94,4.9,222,1018.6,20.6,43,rain,rain,2013,4,19
20-04-2013,11.1,50,5.8,40,1006.8,0,16,sun,sun,2013,4,20
21-04-2013,9.45,65,4.1,203,1019.9,3.3,40,rain,rain,2013,4,21
22-04-2013,10.55,88,4.3,263,1029,0,53,sun,sun,2013,4,22
23-04-2013,10.85,54,2.8,327,1014.9,0,43,sun,sun,2013,4,23
24-04-2013,13.6,71,3,177,1022,0,97,sun,sun,2013,4,24
25-04-2013,14.2,78,1.1,347,992.3,0,4,sun,snow,2013,4,25
26-04-2013,14.45,52,2.2,317,1008.7,0,26,fog,fog,2013,4,26
27-04-2013,12.25,61,5.9,83,1014.8,0,86,sun,fog,2013,4,27
28-04-2013,12.2,75,5.2,317,1002.5,1,77,rain,rain,2013,4,28
29-04-2013,10.3,65,4.2,110,1015.1,3.8,78,rain,rain,2013,4,29
30-04-2013,8.6,86,2.4,250,1023.6,0,42,sun,sun,2013,4,30
01-05-2013,10.8,71,3.1,6,994.2,0,96,sun,sun,2013,5,1
02-05-2013,13.65,78,4,83,1001.1,0,30,sun,sun,2013,5,2
03-05-2013,15.55,63,4.9,207,1014.8,0,98,sun,sun,2013,5,3
04-05-2013,18.05,77,6.5,313,1017.6,0,16,sun,sun,2013,5,4
05-05-2013,20.3,54,5.3,21,1020.4,0,91,sun,sun,2013,5,5
06-05-2013,21.4,96,2,2,1014.1,0,82,sun,sun,2013,5,6
07-05-2013,15.85,98,3.3,126,1017.6,0,53,sun,sun,2013,5,7
08-05-2013,15.25,79,1.9,296,1022,0,61,sun,sun,2013,5,8
09-05-2013,16.4,95,1.3,187,1008.9,0,86,sun,sun,2013,5,9
10-05-2013,17.75,54,1,13,1006.9,0,31,sun,sun,2013,5,10
11-05-2013,19.7,61,2.6,11,1011.3,0,39,sun,rain,2013,5,11
12-05-2013,17.8,65,3.9,86,1015,6.6,12,rain,rain,2013,5,12
13-05-2013,14.15,75,5,11,1006.4,3.3,83,rain,rain,2013,5,13
14-05-2013,13.05,75,2.4,24,1009.1,0,34,sun,sun,2013,5,14
15-05-2013,13.05,97,2.3,300,1017,1,4,rain,rain,2013,5,15
16-05-2013,16.95,70,2.7,242,1014.6,0,72,fog,fog,2013,5,16
17-05-2013,14.45,88,3.7,121,1011.1,0.5,28,rain,rain,2013,5,17
18-05-2013,13.9,85,2.9,146,995.6,0,69,sun,sun,2013,5,18
19-05-2013,14.45,82,2.3,54,1013,0,24,sun,sun,2013,5,19
20-05-2013,14.4,79,1.8,237,1003.3,0,94,sun,drizzle,2013,5,20
21-05-2013,11.95,86,4.8,355,1022.8,13.7,21,rain,rain,2013,5,21
22-05-2013,9.15,72,3,172,1009.9,13.7,65,rain,rain,2013,5,22
23-05-2013,9.45,59,1.9,220,1003,4.1,44,rain,rain,2013,5,23
24-05-2013,12.8,54,2.7,118,1012.4,0.3,68,rain,rain,2013,5,24
25-05-2013,13.9,85,2.7,308,1025.7,0,90,sun,sun,2013,5,25
26-05-2013,14.45,83,2.2,182,1019.3,1.5,88,rain,rain,2013,5,26
27-05-2013,13.9,80,3.1,287,1015.2,9.7,71,rain,rain,2013,5,27
28-05-2013,14.45,59,2.8,306,999.7,0.5,0,rain,rain,2013,5,28
29-05-2013,12.75,68,4,299,1029.2,5.6,83,rain,rain,2013,5,29
30-05-2013,13.05,81,5.3,81,1006.8,0,43,sun,sun,2013,5,30
31-05-2013,15.25,50,2.5,210,1022.3,0,86,sun,sun,2013,5,31
01-06-2013,17.5,54,2.5,149,1009.7,0,95,sun,drizzle,2013,6,1
02-06-2013,16.4,94,3.1,36,1021.4,1,74,rain,rain,2013,6,2
03-06-2013,16.65,53,2.9,351,1026.1,0,38,sun,drizzle,2013,6,3
04-06-2013,19.15,65,3.4,311,1019.5,0,53,sun,sun,2013,6,4
05-06-2013,20.55,73,3.1,360,1020.6,0,87,sun,sun,2013,6,5
06-06-2013,19.45,65,2.5,58,1012,0,74,sun,sun,2013,6,6
07-06-2013,17.5,51,3.2,130,1008.7,0,28,sun,sun,2013,6,7
08-06-2013,16.7,98,3.1,201,1014.4,0,53,sun,sun,2013,6,8
09-06-2013,15.85,77,3.7,242,1009.6,0,89,sun,sun,2013,6,9
10-06-2013,16.7,81,3.2,34,1037.7,0,15,sun,sun,2013,6,10
11-06-2013,15,76,5.7,92,1003.1,0,98,sun,sun,2013,6,11
12-06-2013,16.15,69,4.2,206,1023,0.3,19,rain,rain,2013,6,12
13-06-2013,16.4,73,2.6,352,1018.2,0,45,sun,sun,2013,6,13
14-06-2013,16.1,61,3.7,331,1015.3,0,66,sun,snow,2013,6,14
15-06-2013,17.8,99,2.9,304,1027.8,0,64,sun,sun,2013,6,15
16-06-2013,18.35,84,3.4,349,1016,0,57,sun,sun,2013,6,16
17-06-2013,19.75,82,3,212,1006.7,0,52,sun,snow,2013,6,17
18-06-2013,18.3,82,3.4,158,1015.9,0.3,0,rain,rain,2013,6,18
19-06-2013,16.4,92,3.7,23,1011.2,0,80,sun,fog,2013,6,19
20-06-2013,15,86,5,292,1018,3,65,rain,rain,2013,6,20
21-06-2013,16.4,61,1.5,3,1021.1,0.3,28,rain,rain,2013,6,21
22-06-2013,18.65,52,1.7,219,1004.4,0,83,sun,sun,2013,6,22
23-06-2013,18.6,50,2.1,19,1025,7.9,69,rain,rain,2013,6,23
24-06-2013,17.5,82,3.7,151,1010.5,4.8,7,rain,rain,2013,6,24
25-06-2013,18.85,89,2.8,49,1017.4,9.9,28,rain,sun,2013,6,25
26-06-2013,18.6,59,2.3,176,1019.2,2,50,rain,rain,2013,6,26
27-06-2013,18.9,92,1.3,95,1016.7,3.6,32,rain,rain,2013,6,27
28-06-2013,23.35,93,2.2,104,1011.9,0,2,sun,sun,2013,6,28
29-06-2013,24.15,78,1.7,249,1008.1,0,59,sun,sun,2013,6,29
30-06-2013,25.55,62,2.5,116,1010.3,0,34,sun,sun,2013,6,30
01-07-2013,25,61,2.3,353,1028.7,0,68,sun,sun,2013,7,1
02-07-2013,21.95,80,3,227,1004.3,0,90,sun,sun,2013,7,2
03-07-2013,21.4,95,3.2,65,1005.8,0,75,sun,sun,2013,7,3
04-07-2013,17.8,51,2.2,334,1005.4,0,83,fog,fog,2013,7,4
05-07-2013,18.6,99,2.6,261,1014.4,0,19,sun,sun,2013,7,5
06-07-2013,19.7,84,2.2,294,997.8,0,72,sun,sun,2013,7,6
07-07-2013,18.9,72,2.9,242,999.5,0,38,sun,sun,2013,7,7
08-07-2013,20,66,2.8,185,1010.4,0,3,sun,sun,2013,7,8
09-07-2013,22.5,75,2.5,245,1000.1,0,18,sun,sun,2013,7,9
10-07-2013,18.05,57,2.6,124,1000.9,0,90,sun,sun,2013,7,10
11-07-2013,17.5,78,3,267,1000.2,0,44,sun,snow,2013,7,11
12-07-2013,16.35,75,2.2,130,1004.5,0,42,sun,sun,2013,7,12
13-07-2013,18.6,59,3.1,236,1020.3,0,12,sun,drizzle,2013,7,13
14-07-2013,20.3,75,3,17,1022.6,0,12,sun,rain,2013,7,14
15-07-2013,21.1,83,4.6,39,1032.2,0,59,sun,sun,2013,7,15
16-07-2013,24.7,90,4.1,20,1031.8,0,56,sun,snow,2013,7,16
17-07-2013,18.6,56,3.7,224,1020.9,0,85,sun,sun,2013,7,17
18-07-2013,20,53,2,354,1023.3,0,91,sun,sun,2013,7,18
19-07-2013,20.55,99,1.9,281,1014.3,0,51,sun,sun,2013,7,19
20-07-2013,19.15,94,2,7,1018.2,0,52,sun,sun,2013,7,20
21-07-2013,18.35,60,2.3,99,1032.4,0,85,sun,sun,2013,7,21
22-07-2013,19.7,78,2.4,239,1016.7,0,42,fog,fog,2013,7,22
23-07-2013,22.5,85,3,86,1024.5,0,82,sun,sun,2013,7,23
24-07-2013,22.75,74,2.5,297,1003.7,0,71,sun,sun,2013,7,24
25-07-2013,21.95,70,2.3,13,1006.3,0,71,sun,sun,2013,7,25
26-07-2013,22.75,85,2.9,333,1016.1,0,41,sun,rain,2013,7,26
27-07-2013,19.2,59,2.6,1,1014.5,0,89,sun,fog,2013,7,27
28-07-2013,16.65,86,3.4,292,1006.8,0,25,fog,fog,2013,7,28
29-07-2013,19.15,58,1.4,324,1037.1,0,22,sun,sun,2013,7,29
30-07-2013,19.15,73,2.8,40,1014.7,0,42,sun,sun,2013,7,30
31-07-2013,17.5,84,1.8,317,1008.6,0,76,sun,rain,2013,7,31
01-08-2013,16.95,98,3.9,315,1014.5,0,27,sun,sun,2013,8,1
02-08-2013,16.1,84,2,110,1013.3,2,8,rain,rain,2013,8,2
03-08-2013,20.3,97,2.4,13,1014.9,0,19,fog,fog,2013,8,3
04-08-2013,21.95,85,3.4,230,997.1,0,55,sun,sun,2013,8,4
05-08-2013,22.5,67,2.1,83,1025.9,0,82,sun,fog,2013,8,5
06-08-2013,22.25,98,1.4,129,1026.5,0,38,sun,drizzle,2013,8,6
07-08-2013,22.5,88,1.9,230,1027.7,0,50,sun,sun,2013,8,7
08-08-2013,21.35,81,2.5,325,1016.3,0,11,sun,sun,2013,8,8
09-08-2013,21.35,73,2.1,144,1019.6,0,78,sun,drizzle,2013,8,9
10-08-2013,20.3,72,2.9,344,1004.3,2.3,94,rain,rain,2013,8,10
11-08-2013,19.7,81,2.9,27,1021.3,0,54,sun,sun,2013,8,11
12-08-2013,20.85,86,1.9,65,1015.5,0,77,sun,sun,2013,8,12
13-08-2013,21.4,61,1.8,162,1008.4,0,10,sun,fog,2013,8,13
14-08-2013,21.1,98,2,228,1021.6,0.8,25,rain,rain,2013,8,14
15-08-2013,19.15,62,1,260,1022,1.8,41,rain,rain,2013,8,15
16-08-2013,22.5,72,2.2,163,1013.6,0,26,fog,fog,2013,8,16
17-08-2013,21.4,74,3,300,1017.4,0,10,sun,sun,2013,8,17
18-08-2013,20.85,84,3.1,302,1002.7,0,37,sun,sun,2013,8,18
19-08-2013,21.15,90,3,286,1025.4,0,97,sun,sun,2013,8,19
20-08-2013,20.85,79,4.6,9,1004,0,42,sun,sun,2013,8,20
21-08-2013,21.4,66,4.3,194,1005.9,0,18,sun,sun,2013,8,21
22-08-2013,21.95,98,1.9,117,1013.6,0,63,sun,sun,2013,8,22
23-08-2013,20.55,69,4.1,269,1024.1,0,5,sun,sun,2013,8,23
24-08-2013,20.85,97,2.7,79,1024.1,0,45,sun,sun,2013,8,24
25-08-2013,19.15,74,2.6,92,1013,0.3,41,rain,rain,2013,8,25
26-08-2013,20.25,71,1.9,265,1020.7,1,91,rain,rain,2013,8,26
27-08-2013,21.95,62,1.4,331,996.1,1.3,64,rain,rain,2013,8,27
28-08-2013,21.15,68,1.3,349,1005.8,5.6,98,rain,rain,2013,8,28
29-08-2013,21.1,98,3,360,1006,19.3,71,rain,drizzle,2013,8,29
30-08-2013,21.1,85,2.9,256,1025.5,0,58,sun,sun,2013,8,30
31-08-2013,20.85,61,2.6,132,1019.5,0,51,sun,sun,2013,8,31
01-09-2013,21.7,90,2.5,275,1014.8,0,46,sun,sun,2013,9,1
02-09-2013,22.5,68,2.1,263,1015.8,0,6,sun,sun,2013,9,2
03-09-2013,20.85,61,1.7,170,1028.7,2.3,10,rain,rain,2013,9,3
04-09-2013,19.45,58,2.4,0,1011.3,0.3,60,rain,rain,2013,9,4
05-09-2013,17.8,56,2.5,312,999.9,27.7,67,rain,rain,2013,9,5
06-09-2013,18.9,77,2.6,63,1023.9,21.3,24,rain,rain,2013,9,6
07-09-2013,20.25,63,2,283,1014.8,0,11,sun,sun,2013,9,7
08-09-2013,20.55,80,1.5,120,1022.5,0,25,fog,fog,2013,9,8
09-09-2013,20,68,2.1,106,1012.6,0,11,sun,sun,2013,9,9
10-09-2013,20.85,96,3.7,174,1004.6,0,42,sun,sun,2013,9,10
11-09-2013,25,65,2.4,203,1017,0,50,sun,sun,2013,9,11
12-09-2013,20.3,54,1.7,164,1013.1,0,36,sun,sun,2013,9,12
13-09-2013,17.25,84,2,304,1014.8,0,45,sun,sun,2013,9,13
14-09-2013,18.65,61,1.4,119,1029.2,0,52,fog,fog,2013,9,14
15-09-2013,16.65,74,2.2,43,1002,3.3,87,rain,fog,2013,9,15
16-09-2013,18.35,70,4.3,311,1015.9,0.3,79,rain,fog,2013,9,16
17-09-2013,15.85,85,2.3,155,1004.8,0,12,sun,sun,2013,9,17
18-09-2013,17.2,72,2.5,206,987.1,0,88,sun,sun,2013,9,18
19-09-2013,17.8,65,1.5,107,1012.5,0,53,sun,rain,2013,9,19
20-09-2013,18.3,88,3,250,1013.3,3.6,56,rain,rain,2013,9,20
21-09-2013,17.2,94,2.5,333,1019.2,0,3,sun,sun,2013,9,21
22-09-2013,15.25,91,5.5,129,1010.8,13.5,74,rain,sun,2013,9,22
23-09-2013,13.6,88,4.5,292,998.1,2.8,95,rain,rain,2013,9,23
24-09-2013,13.9,63,2.6,19,1004.8,0,48,sun,sun,2013,9,24
25-09-2013,12.75,80,3,281,1026.2,2,6,rain,rain,2013,9,25
26-09-2013,12.2,54,2.2,284,1004.6,0,10,sun,snow,2013,9,26
27-09-2013,12.25,84,4.3,0,1028.8,1,91,rain,rain,2013,9,27
28-09-2013,14.2,72,6,118,1023.5,43.4,53,rain,rain,2013,9,28
29-09-2013,12.75,78,7.1,34,1009.8,16.8,86,rain,rain,2013,9,29
30-09-2013,11.95,92,6.3,197,1005.7,18.5,44,rain,drizzle,2013,9,30
01-10-2013,11.65,60,4.7,244,1023.5,7.9,22,rain,rain,2013,10,1
02-10-2013,11.1,67,2.4,58,1010.6,5.3,27,rain,sun,2013,10,2
03-10-2013,11.65,96,0.9,324,997.5,0.8,56,rain,rain,2013,10,3
04-10-2013,11.7,61,1.1,160,1018.6,0,25,sun,sun,2013,10,4
05-10-2013,14.15,58,1.6,178,1017.2,0,24,sun,sun,2013,10,5
06-10-2013,15.3,59,2.6,205,1024.4,4.1,53,rain,rain,2013,10,6
07-10-2013,13.9,93,6.3,11,1016.5,0.5,28,rain,rain,2013,10,7
08-10-2013,10.85,66,3,275,1007.5,6.9,82,rain,fog,2013,10,8
09-10-2013,10.3,87,1.6,180,1025.7,0,96,sun,sun,2013,10,9
10-10-2013,11.35,56,1.7,241,1026.7,1,35,rain,rain,2013,10,10
11-10-2013,12.25,95,1,215,1015.3,9.1,13,rain,rain,2013,10,11
12-10-2013,11.65,62,2.2,250,1013.6,1,77,rain,rain,2013,10,12
13-10-2013,10.85,89,1.8,298,999.8,0,34,fog,fog,2013,10,13
14-10-2013,9.75,91,1.6,125,1006.9,0,29,sun,fog,2013,10,14
15-10-2013,10.3,58,0.9,216,1020.6,0,91,sun,sun,2013,10,15
16-10-2013,10.85,99,2.7,305,1007.4,0,16,fog,fog,2013,10,16
17-10-2013,11.65,76,1.7,284,998.4,0,66,fog,fog,2013,10,17
18-10-2013,10,51,1.2,184,1048,0,79,sun,snow,2013,10,18
19-10-2013,9.2,54,1.4,38,998.4,0,29,sun,sun,2013,10,19
20-10-2013,9.2,78,2.4,222,1035.6,0,92,sun,sun,2013,10,20
21-10-2013,10,86,2.5,183,1009.9,0,44,sun,sun,2013,10,21
22-10-2013,10.8,87,1.9,177,1012.2,0,78,sun,sun,2013,10,22
23-10-2013,9.45,68,0.4,293,1006.3,0,88,sun,sun,2013,10,23
24-10-2013,8.05,57,0.6,339,1020.8,0,50,sun,sun,2013,10,24
25-10-2013,10,97,1.8,150,998.6,0,46,sun,sun,2013,10,25
26-10-2013,10,94,2.7,125,994.6,0,52,sun,sun,2013,10,26
27-10-2013,11.1,50,4.4,300,1029.1,1.8,63,rain,snow,2013,10,27
28-10-2013,10.8,71,5.1,307,1005,0,37,sun,sun,2013,10,28
29-10-2013,8.3,66,2.2,335,1020.5,0,63,sun,rain,2013,10,29
30-10-2013,10.3,56,3.9,233,1002.1,0.5,86,rain,rain,2013,10,30
31-10-2013,12.5,74,2.2,7,1020.1,0.3,88,rain,rain,2013,10,31
01-11-2013,14.75,94,1.4,340,1029.8,1.3,6,rain,rain,2013,11,1
02-11-2013,11.35,53,7.9,128,1007.7,12.7,21,rain,rain,2013,11,2
03-11-2013,8.3,85,2.4,263,993.7,0.5,80,rain,fog,2013,11,3
04-11-2013,7.25,55,1.6,156,1029.9,0,81,drizzle,drizzle,2013,11,4
05-11-2013,10.25,80,3.1,351,1022.3,2.5,40,rain,rain,2013,11,5
06-11-2013,10.3,68,1.7,357,1008.3,3.8,73,rain,rain,2013,11,6
07-11-2013,10.55,93,7.2,4,1010.8,30,9,rain,rain,2013,11,7
08-11-2013,10.25,88,4.1,85,1001.9,0,56,sun,drizzle,2013,11,8
09-11-2013,8.05,76,1.4,174,1027.2,1.8,6,rain,rain,2013,11,9
10-11-2013,9.7,59,4.4,289,1007.7,0,49,sun,sun,2013,11,10
11-11-2013,11.1,75,2.6,192,998.8,0,90,fog,snow,2013,11,11
12-11-2013,12.25,68,2.2,310,1015.1,4.1,51,rain,rain,2013,11,12
13-11-2013,12.25,88,3.8,118,1004.4,0,32,sun,sun,2013,11,13
14-11-2013,8.6,52,1.1,217,1002.7,1.3,0,rain,rain,2013,11,14
15-11-2013,8.9,94,6,113,1008.7,3,52,rain,rain,2013,11,15
16-11-2013,7.5,62,4.6,144,1013.9,0,59,sun,sun,2013,11,16
17-11-2013,9.45,99,5.4,25,999.2,5.3,33,rain,drizzle,2013,11,17
18-11-2013,11.1,77,3.9,135,1026.9,26.2,3,rain,rain,2013,11,18
19-11-2013,8.85,69,5.1,302,1019.8,1,16,rain,rain,2013,11,19
20-11-2013,4.75,77,4.3,231,1009.3,0,3,sun,sun,2013,11,20
21-11-2013,3.65,57,3.6,75,1004,0,42,sun,sun,2013,11,21
22-11-2013,4.7,90,4.6,327,1012.1,0,89,sun,sun,2013,11,22
23-11-2013,6.1,88,2.6,344,1022,0,3,sun,sun,2013,11,23
24-11-2013,6.15,50,0.9,301,1020.4,0,0,fog,fog,2013,11,24
25-11-2013,7.2,52,0.5,288,1023.6,0,70,sun,sun,2013,11,25
26-11-2013,7.5,62,1,0,1008.2,0,93,sun,sun,2013,11,26
27-11-2013,10,77,1.3,146,983.8,0,49,sun,sun,2013,11,27
28-11-2013,7.5,98,0.7,286,1025.5,0,72,sun,sun,2013,11,28
29-11-2013,7.2,74,2.1,141,1011.3,0.5,60,rain,rain,2013,11,29
30-11-2013,9.15,82,3.9,52,1019.7,2.3,34,rain,rain,2013,11,30
01-12-2013,10.55,87,8.8,303,1029.7,3,7,rain,snow,2013,12,1
02-12-2013,4.75,55,3.5,68,1037.3,4.6,23,rain,rain,2013,12,2
03-12-2013,2.25,93,5.6,360,1006.5,0,82,sun,sun,2013,12,3
04-12-2013,1.15,94,1.6,89,1014.3,0,35,sun,sun,2013,12,4
05-12-2013,-1.9,81,2.6,219,1026.7,0,49,sun,sun,2013,12,5
06-12-2013,-1.6,94,4.7,191,1004.6,0,42,sun,sun,2013,12,6
07-12-2013,-3.55,96,3.1,62,1007.2,0,26,sun,sun,2013,12,7
08-12-2013,-2.2,70,2.2,72,1007.1,0,31,sun,sun,2013,12,8
09-12-2013,-1.9,65,1.3,160,1012.7,0,77,sun,sun,2013,12,9
10-12-2013,3.1,70,1.5,168,1010.8,0,17,sun,sun,2013,12,10
11-12-2013,1.7,60,0.8,88,1007.1,0,27,sun,sun,2013,12,11
12-12-2013,2.55,86,2.3,175,1003.3,6.9,28,rain,rain,2013,12,12
13-12-2013,7.5,85,2.9,268,1021.1,0.5,15,rain,rain,2013,12,13
14-12-2013,7.75,84,3.7,72,1026.4,0,98,sun,sun,2013,12,14
15-12-2013,10,68,3.9,244,1027.8,1.3,46,rain,rain,2013,12,15
16-12-2013,7.2,69,1,76,1008.2,0.3,58,rain,rain,2013,12,16
17-12-2013,6.35,67,2.7,158,1021.5,0,30,sun,sun,2013,12,17
18-12-2013,5,96,2.8,323,1015.4,1.3,3,rain,rain,2013,12,18
19-12-2013,2.5,90,2.1,97,1007.3,0,36,sun,fog,2013,12,19
20-12-2013,4.45,98,3.7,101,1020.3,5.6,16,snow,sun,2013,12,20
21-12-2013,7.25,63,2.3,131,1006.8,5.6,38,rain,fog,2013,12,21
22-12-2013,9.45,64,4,101,1009.2,10.7,47,rain,fog,2013,12,22
23-12-2013,8.9,80,5.9,18,999.2,1.5,45,rain,rain,2013,12,23
24-12-2013,5.55,50,1.7,81,1008.4,0,89,sun,sun,2013,12,24
25-12-2013,4.2,52,0.8,278,1015.5,0,47,sun,sun,2013,12,25
26-12-2013,3.65,65,0.5,338,1028.7,0,38,sun,sun,2013,12,26
27-12-2013,4.45,72,2.1,330,1009.5,0.3,3,rain,rain,2013,12,27
28-12-2013,6.35,60,1.3,128,1002.6,0,29,sun,sun,2013,12,28
29-12-2013,4.45,61,1.1,343,1028,0,29,sun,sun,2013,12,29
30-12-2013,6.65,59,2.6,309,1008,0.3,21,rain,rain,2013,12,30
31-12-2013,6.65,81,1.7,88,995.5,0.5,74,rain,rain,2013,12,31
01-01-2014,5.25,65,1.2,212,1014.3,0,65,sun,sun,2014,1,1
02-01-2014,8.35,57,3.2,142,1009.8,4.1,11,rain,fog,2014,1,2
03-01-2014,5.85,87,2.6,64,1036,1.5,93,rain,rain,2014,1,3
04-01-2014,4.2,61,2.7,75,1017.8,0,35,fog,fog,2014,1,4
05-01-2014,3.9,73,3.7,198,1011.5,0,17,sun,snow,2014,1,5
06-01-2014,3.65,77,2.6,142,1003.8,0.3,89,rain,rain,2014,1,6
07-01-2014,6.65,57,1.6,315,1016.3,12.2,52,rain,rain,2014,1,7
08-01-2014,8.6,77,4.6,92,1027.6,9.7,70,rain,rain,2014,1,8
09-01-2014,7.5,85,6.3,304,1016.1,5.8,0,rain,rain,2014,1,9
10-01-2014,10.55,75,7,223,1004.5,4.3,57,rain,rain,2014,1,10
11-01-2014,10.8,57,8.8,290,1018.4,21.3,89,rain,rain,2014,1,11
12-01-2014,8.35,99,8.1,101,1012.5,1.5,86,rain,rain,2014,1,12
13-01-2014,10.3,77,7.1,266,1017.5,0,89,sun,sun,2014,1,13
14-01-2014,9.15,77,1.3,354,1009.5,0,5,sun,sun,2014,1,14
15-01-2014,8.35,86,2.5,109,1009.2,0,69,sun,fog,2014,1,15
16-01-2014,5.55,90,2.7,329,1008.8,0,43,sun,drizzle,2014,1,16
17-01-2014,4.2,85,2.3,264,1022.4,0,71,sun,sun,2014,1,17
18-01-2014,5,76,2.2,2,1009.3,0,23,sun,snow,2014,1,18
19-01-2014,4.7,66,2.5,84,1008.4,0,85,sun,fog,2014,1,19
20-01-2014,6.4,58,2.2,281,1003.6,0,18,sun,sun,2014,1,20
21-01-2014,5.85,82,1.5,327,1017.5,0,100,sun,sun,2014,1,21
22-01-2014,7.5,69,2.6,303,1016.1,0.5,17,rain,rain,2014,1,22
23-01-2014,6.4,62,5.2,116,1008.5,0,94,fog,fog,2014,1,23
24-01-2014,6.95,77,1.9,220,1005.9,0,100,sun,sun,2014,1,24
25-01-2014,6.65,97,0.8,153,1031.8,0,29,sun,sun,2014,1,25
26-01-2014,4.45,78,1.3,152,994.2,0,41,sun,sun,2014,1,26
27-01-2014,5.55,62,1.3,11,1017.9,0,32,sun,sun,2014,1,27
28-01-2014,8.6,95,1.6,132,1025.9,8.9,73,rain,rain,2014,1,28
29-01-2014,9.15,84,3.4,303,979.1,21.6,100,rain,rain,2014,1,29
30-01-2014,7.2,55,6.4,292,1020.9,0,11,sun,sun,2014,1,30
31-01-2014,6.7,67,2.6,299,1010.8,2.3,93,rain,rain,2014,1,31
01-02-2014,5.3,54,0.8,227,1015.6,2,26,rain,rain,2014,2,1
02-02-2014,5,96,2.5,270,1009.8,0,38,sun,sun,2014,2,2
03-02-2014,2.5,74,4.3,42,1023.8,0,8,sun,sun,2014,2,3
04-02-2014,0.35,51,4.7,342,1016.6,0,20,sun,sun,2014,2,4
05-02-2014,-3,59,6.6,325,1014.3,0,75,sun,rain,2014,2,5
06-02-2014,-3.8,79,4.5,301,1004,0,28,sun,fog,2014,2,6
07-02-2014,-0.8,99,4.2,20,1031.8,0,32,sun,sun,2014,2,7
08-02-2014,2.55,94,4.6,106,1013.1,5.1,61,snow,snow,2014,2,8
09-02-2014,1.95,54,2.4,335,1035.9,0.5,14,rain,rain,2014,2,9
10-02-2014,6.1,82,4.7,302,1032.3,18.3,1,rain,rain,2014,2,10
11-02-2014,8.9,50,3.8,116,995.2,17,51,rain,rain,2014,2,11
12-02-2014,9.7,67,6.4,123,1006.5,4.6,43,rain,rain,2014,2,12
13-02-2014,10.3,81,6.3,280,1002.6,1.8,53,rain,fog,2014,2,13
14-02-2014,8.9,96,6.4,291,1012.5,9.4,17,rain,rain,2014,2,14
15-02-2014,8.05,98,5.1,202,1014.9,11.7,2,rain,rain,2014,2,15
16-02-2014,6.65,60,7.9,50,1015.3,26.4,6,rain,rain,2014,2,16
17-02-2014,6.35,70,5.5,270,1023.5,14.5,42,rain,sun,2014,2,17
18-02-2014,6.95,75,6.2,323,1027.9,15.2,81,rain,rain,2014,2,18
19-02-2014,6.1,74,6,276,1022.7,1,37,rain,drizzle,2014,2,19
20-02-2014,7.8,71,6.9,140,1007.4,3,36,rain,sun,2014,2,20
21-02-2014,5.3,76,2.9,274,1005.2,2.8,57,rain,rain,2014,2,21
22-02-2014,4.2,98,3.1,289,1013,2.5,32,rain,rain,2014,2,22
23-02-2014,5.55,62,2.6,333,1017.3,6.1,58,rain,fog,2014,2,23
24-02-2014,5,82,3.2,51,1011.2,13,94,rain,rain,2014,2,24
25-02-2014,8.05,83,4.5,26,999.5,0.3,10,rain,sun,2014,2,25
26-02-2014,9.75,90,2.5,156,1019.8,0,67,sun,sun,2014,2,26
27-02-2014,8.6,84,2.3,238,1009.1,0,81,sun,sun,2014,2,27
28-02-2014,9.4,50,5.9,155,1008.8,0,67,sun,sun,2014,2,28
01-03-2014,5.8,70,4.7,290,1012.5,0.5,97,rain,rain,2014,3,1
02-03-2014,6.95,97,5.7,135,1010.6,19.1,92,rain,rain,2014,3,2
03-03-2014,11.65,55,5.1,143,1009.3,10.7,87,rain,rain,2014,3,3
04-03-2014,10.85,77,3.9,105,1000.2,16.5,21,rain,rain,2014,3,4
05-03-2014,13.1,66,3.9,157,1011.9,46.7,65,rain,rain,2014,3,5
06-03-2014,11.65,54,6.2,145,1020,3,43,rain,rain,2014,3,6
07-03-2014,12.25,80,4.2,1,1015.6,0,5,sun,sun,2014,3,7
08-03-2014,9.75,54,2.7,76,1022.5,32.3,41,rain,rain,2014,3,8
09-03-2014,12.2,87,4.3,131,1005.7,4.3,24,rain,rain,2014,3,9
10-03-2014,9.15,52,2.2,89,1000.2,18.8,56,rain,sun,2014,3,10
11-03-2014,9.4,72,2.3,344,1010.5,0,84,fog,fog,2014,3,11
12-03-2014,9.7,86,1.9,349,1006.9,0,54,fog,fog,2014,3,12
13-03-2014,9.45,86,2.5,262,1007.9,0.5,15,rain,rain,2014,3,13
14-03-2014,11.35,59,6.1,350,1015.1,6.9,94,rain,rain,2014,3,14
15-03-2014,10.55,59,3,107,1008,8.1,13,rain,rain,2014,3,15
16-03-2014,7.5,68,3.8,73,1000.5,27.7,38,rain,rain,2014,3,16
17-03-2014,6.4,66,3.2,38,1007.4,0.3,27,rain,rain,2014,3,17
18-03-2014,6.65,70,1.6,158,1016.4,0,95,sun,sun,2014,3,18
19-03-2014,7.2,63,5.1,70,1019.7,0.5,91,rain,rain,2014,3,19
20-03-2014,6.4,58,3,311,1019.6,0,50,sun,sun,2014,3,20
21-03-2014,6.7,95,3.8,240,1017.2,0,48,sun,snow,2014,3,21
22-03-2014,6.1,50,1.8,297,1011.3,0,8,sun,sun,2014,3,22
23-03-2014,8.6,94,3.3,35,1017,0,57,sun,sun,2014,3,23
24-03-2014,10.85,62,2.2,83,1012.6,0,44,sun,fog,2014,3,24
25-03-2014,10.3,53,4.4,262,1014.1,4.1,21,rain,rain,2014,3,25
26-03-2014,8.35,50,2.4,309,1003.6,3.6,31,rain,snow,2014,3,26
27-03-2014,9.45,98,2.8,171,1013.4,0.3,68,rain,drizzle,2014,3,27
28-03-2014,9.45,89,3.9,172,1016.8,22.1,86,rain,rain,2014,3,28
29-03-2014,9.45,81,5.1,46,1016.4,14,68,rain,rain,2014,3,29
30-03-2014,8.05,83,5.1,140,1000.1,0,41,sun,sun,2014,3,30
31-03-2014,8.9,77,3.8,117,1014,0,52,sun,sun,2014,3,31
01-04-2014,10.55,80,2.8,276,998.6,0,95,sun,sun,2014,4,1
02-04-2014,10,57,4.2,213,1014.7,0,58,sun,sun,2014,4,2
03-04-2014,9.7,88,3.9,219,1006,2.5,73,rain,rain,2014,4,3
04-04-2014,9.45,75,4.7,25,1030.1,0,38,sun,snow,2014,4,4
05-04-2014,9.75,83,4.3,8,1014.2,4.6,14,rain,rain,2014,4,5
06-04-2014,11.1,52,2.6,270,1021,0,70,sun,sun,2014,4,6
07-04-2014,15.25,99,2.5,9,1034.1,0,28,sun,sun,2014,4,7
08-04-2014,11.95,61,4.2,120,1004.8,4.6,2,rain,rain,2014,4,8
09-04-2014,10.55,50,2.9,124,1017.4,0,82,sun,sun,2014,4,9
10-04-2014,10.85,93,3.6,169,1001.1,0,9,sun,sun,2014,4,10
11-04-2014,11.1,54,2.8,71,1016.4,0,91,sun,sun,2014,4,11
12-04-2014,11.95,79,4.4,151,1030.7,0,28,sun,sun,2014,4,12
13-04-2014,13.1,79,3.1,207,1006.7,0,78,sun,fog,2014,4,13
14-04-2014,12.8,66,2.6,48,1004.1,0,34,sun,sun,2014,4,14
15-04-2014,11.1,97,4,153,1012.1,0.5,5,rain,rain,2014,4,15
16-04-2014,10,96,4.6,346,1033.5,10.9,11,rain,drizzle,2014,4,16
17-04-2014,9.45,72,4.7,292,1020.7,18.5,37,rain,snow,2014,4,17
18-04-2014,10,64,3.8,67,1004,0,76,sun,sun,2014,4,18
19-04-2014,8.65,86,4.7,49,1027.6,13.7,92,rain,rain,2014,4,19
20-04-2014,10.6,70,2.7,151,996.4,0,18,sun,sun,2014,4,20
21-04-2014,12.5,63,2.5,18,1034.4,5.1,66,rain,sun,2014,4,21
22-04-2014,8.6,51,4.2,99,1021.6,14.2,7,rain,rain,2014,4,22
23-04-2014,8.9,60,5,59,1030.6,8.9,7,rain,sun,2014,4,23
24-04-2014,10,88,5.3,166,996.5,12.4,83,rain,rain,2014,4,24
25-04-2014,10,87,2.3,201,1014.7,0,46,sun,sun,2014,4,25
26-04-2014,10.3,83,3.9,344,1011.7,3.3,3,rain,rain,2014,4,26
27-04-2014,8.6,87,5.8,145,1002.9,6.9,50,rain,rain,2014,4,27
28-04-2014,10.25,99,2.6,163,1000,0,84,sun,sun,2014,4,28
29-04-2014,17.2,83,2.3,241,1018.1,0,66,sun,fog,2014,4,29
30-04-2014,18.6,67,3.9,68,1019,0,44,sun,sun,2014,4,30
01-05-2014,20.25,79,3,174,1026,0,7,sun,sun,2014,5,1
02-05-2014,14.45,64,4.7,48,1008,0,86,sun,sun,2014,5,2
03-05-2014,11.95,76,3.4,107,1011.6,33.3,15,rain,fog,2014,5,3
04-05-2014,11.65,83,4.2,225,999.2,16,76,rain,rain,2014,5,4
05-05-2014,12.5,87,3.8,160,1028.4,5.1,66,rain,rain,2014,5,5
06-05-2014,12.5,82,2.6,118,1013.7,0,8,sun,sun,2014,5,6
07-05-2014,12.75,73,1.7,148,1020.2,0,59,sun,sun,2014,5,7
08-05-2014,11.65,64,3.4,149,1020.6,13.7,77,rain,rain,2014,5,8
09-05-2014,10.25,79,5.6,292,1027.6,2,76,rain,rain,2014,5,9
10-05-2014,11.4,91,2.1,142,1004.7,0.5,70,rain,rain,2014,5,10
11-05-2014,13.6,66,1.7,159,1020,0,14,sun,sun,2014,5,11
12-05-2014,16.9,54,2.7,10,1012.7,0,70,sun,sun,2014,5,12
13-05-2014,19.75,78,3.8,137,1034.1,0,97,sun,fog,2014,5,13
14-05-2014,20.55,53,3.3,77,1004.7,0,40,sun,sun,2014,5,14
15-05-2014,19.75,59,3,76,1024.7,0,21,sun,sun,2014,5,15
16-05-2014,15.85,66,4.1,253,1016.5,0,23,sun,sun,2014,5,16
17-05-2014,15.85,59,3.2,257,1016,0,100,sun,sun,2014,5,17
18-05-2014,15.3,66,3.2,319,1013.5,0,43,sun,sun,2014,5,18
19-05-2014,15.55,69,2.2,290,1026.5,0,0,sun,sun,2014,5,19
20-05-2014,16.1,73,2.7,262,1015.6,0,9,sun,fog,2014,5,20
21-05-2014,15.3,54,1.7,84,997.8,0,79,sun,sun,2014,5,21
22-05-2014,18.05,83,2.5,145,1025.2,0,71,sun,sun,2014,5,22
23-05-2014,16.4,55,4,322,1023.4,3.8,55,rain,drizzle,2014,5,23
24-05-2014,14.7,51,2.4,41,1018.9,0,88,sun,sun,2014,5,24
25-05-2014,12.8,62,1.4,124,1001.7,5.6,49,rain,drizzle,2014,5,25
26-05-2014,14.7,92,4.5,166,1003.3,0,11,sun,sun,2014,5,26
27-05-2014,15,92,2.5,240,994.2,0,88,sun,sun,2014,5,27
28-05-2014,14.45,97,3.4,279,1017.6,0,80,sun,sun,2014,5,28
29-05-2014,15,60,4.3,187,999.5,0,59,sun,sun,2014,5,29
30-05-2014,14.75,96,4.5,301,995.8,0,25,sun,fog,2014,5,30
31-05-2014,16.65,72,2.2,18,1025.7,0,77,sun,sun,2014,5,31
01-06-2014,16.4,65,2.3,67,1020.7,0,40,sun,sun,2014,6,1
02-06-2014,17.2,80,2.4,217,1009.7,0,35,sun,snow,2014,6,2
03-06-2014,14.7,60,3.2,101,1011.7,0,22,sun,sun,2014,6,3
04-06-2014,14.7,65,2.6,41,988.9,0,42,sun,sun,2014,6,4
05-06-2014,16.1,57,2.4,287,1022.2,0,5,sun,sun,2014,6,5
06-06-2014,17.8,53,3.2,166,1006.1,0,68,sun,rain,2014,6,6
07-06-2014,18.85,89,3.1,108,1016.3,0,42,sun,sun,2014,6,7
08-06-2014,17.75,53,2.1,35,988.1,0,24,sun,sun,2014,6,8
09-06-2014,17.2,74,3.6,231,1022.8,0,17,sun,sun,2014,6,9
10-06-2014,16.1,52,2.9,228,1005.5,0,61,sun,snow,2014,6,10
11-06-2014,17.5,81,2.7,352,999.2,0,12,sun,drizzle,2014,6,11
12-06-2014,16.95,52,4,163,1009.6,1.8,42,rain,drizzle,2014,6,12
13-06-2014,13.35,76,5,72,1007,6.4,77,rain,rain,2014,6,13
14-06-2014,14.75,78,3.2,135,1023.7,0,27,sun,sun,2014,6,14
15-06-2014,14.15,81,3.6,352,1008.8,0.5,17,rain,rain,2014,6,15
16-06-2014,13.35,99,2.4,69,1026.6,3.6,58,rain,rain,2014,6,16
17-06-2014,13.9,68,3,195,1016.3,1.3,59,rain,rain,2014,6,17
18-06-2014,15,70,2.7,268,1021.9,0,62,sun,sun,2014,6,18
19-06-2014,18.65,54,3.7,48,1013,0.8,56,rain,rain,2014,6,19
20-06-2014,15,67,3.4,315,1025.7,0.3,91,rain,rain,2014,6,20
21-06-2014,16.4,77,3.6,129,1001.5,0,50,sun,drizzle,2014,6,21
22-06-2014,18.05,91,2.7,4,1014.1,0,55,sun,sun,2014,6,22
23-06-2014,19.15,71,2.5,26,1009,0,26,sun,sun,2014,6,23
24-06-2014,19.4,70,2.5,159,1027,0,31,sun,sun,2014,6,24
25-06-2014,20,55,2.4,148,1028,0,8,sun,sun,2014,6,25
26-06-2014,17.75,50,4.1,263,1013,0,95,sun,sun,2014,6,26
27-06-2014,17.5,54,4.5,229,1000.1,1.8,83,rain,rain,2014,6,27
28-06-2014,16.65,90,4.3,199,1017.3,2.3,91,rain,rain,2014,6,28
29-06-2014,16.7,61,3.2,49,996.4,0,96,sun,sun,2014,6,29
30-06-2014,19.2,75,4.4,66,1029.3,0,67,sun,sun,2014,6,30
01-07-2014,25,95,3.5,299,1008.3,0,45,sun,sun,2014,7,1
02-07-2014,20.8,83,3.6,57,1012.7,0,97,sun,sun,2014,7,2
03-07-2014,17.8,98,3.1,258,1006.2,0,66,sun,sun,2014,7,3
04-07-2014,18.9,63,3.6,341,1004,0,25,sun,sun,2014,7,4
05-07-2014,18.85,75,2.2,325,1020.4,0,7,fog,fog,2014,7,5
06-07-2014,21.95,94,3,129,1011.4,0,5,sun,snow,2014,7,6
07-07-2014,22.5,76,4.1,214,1013.4,0,79,fog,fog,2014,7,7
08-07-2014,22.8,58,3.5,171,1003,0,23,sun,sun,2014,7,8
09-07-2014,20.3,75,2.3,257,1021.6,0,47,sun,sun,2014,7,9
10-07-2014,20.85,96,2.2,101,1022.6,0,93,fog,fog,2014,7,10
11-07-2014,23.05,71,2.2,208,1010.9,0,44,sun,sun,2014,7,11
12-07-2014,24.45,96,2.2,290,1025.7,0,12,sun,sun,2014,7,12
13-07-2014,22.2,79,2.6,353,1012,0,68,sun,drizzle,2014,7,13
14-07-2014,21.4,92,2.8,285,1020.8,0,24,sun,drizzle,2014,7,14
15-07-2014,22.5,97,2.3,115,996.8,0,19,sun,sun,2014,7,15
16-07-2014,22.75,66,2.4,263,1016.5,0,81,sun,sun,2014,7,16
17-07-2014,20.3,75,3.7,149,1010.3,0,81,sun,sun,2014,7,17
18-07-2014,17.8,85,2.8,299,1014.6,0,65,sun,rain,2014,7,18
19-07-2014,20.3,50,5.4,35,1014.1,0,73,fog,fog,2014,7,19
20-07-2014,16.9,57,2.8,332,1014.3,0,44,sun,sun,2014,7,20
21-07-2014,18.6,98,2.2,286,1019.2,0,46,sun,fog,2014,7,21
22-07-2014,17.2,84,1.1,302,1007.3,0.3,62,rain,rain,2014,7,22
23-07-2014,16.1,64,3.3,310,1018.7,19.3,75,rain,rain,2014,7,23
24-07-2014,16.7,96,4.7,207,1025.3,0,76,sun,sun,2014,7,24
25-07-2014,17.5,71,2.7,105,998.9,0,54,sun,sun,2014,7,25
26-07-2014,19.7,63,3.6,157,1005.2,0,74,sun,sun,2014,7,26
27-07-2014,21.65,75,4.1,120,1005.6,0,18,sun,sun,2014,7,27
28-07-2014,22.8,77,3.7,54,1002.1,0,34,sun,sun,2014,7,28
29-07-2014,22.8,72,2.8,11,1008.3,0,52,sun,sun,2014,7,29
30-07-2014,21.9,63,3.4,144,1023.3,0,25,sun,sun,2014,7,30
31-07-2014,24.2,73,4.1,135,1027.5,0,13,sun,sun,2014,7,31
01-08-2014,21.95,51,3.3,2,1014.1,0,44,sun,sun,2014,8,1
02-08-2014,22.5,94,1.7,143,1009.8,0.5,43,rain,rain,2014,8,2
03-08-2014,23.05,75,2.6,29,1021,0,87,sun,sun,2014,8,3
04-08-2014,24.45,63,2.6,236,989.4,0,64,sun,sun,2014,8,4
05-08-2014,19.45,56,2.7,278,1002.4,0,50,sun,sun,2014,8,5
06-08-2014,20.55,52,2.2,347,989.8,0,42,fog,fog,2014,8,6
07-08-2014,19.45,96,2.4,114,1002.3,0,85,fog,fog,2014,8,7
08-08-2014,19.45,72,2.9,103,1005.3,0,22,sun,sun,2014,8,8
09-08-2014,21.4,95,4.1,117,1027.8,0,55,sun,sun,2014,8,9
10-08-2014,22.25,92,3.4,4,985.4,0,18,sun,sun,2014,8,10
11-08-2014,26.7,96,2.6,359,1008.8,0.5,81,rain,rain,2014,8,11
12-08-2014,22.2,94,3.1,247,1019.2,12.7,75,rain,rain,2014,8,12
13-08-2014,19.15,67,2.7,320,1017.1,21.6,54,rain,rain,2014,8,13
14-08-2014,19.15,87,0.6,120,1027.6,0,91,sun,sun,2014,8,14
15-08-2014,20.55,84,1.5,285,1014.6,1,91,rain,rain,2014,8,15
16-08-2014,20.6,64,2.2,148,1016.7,0,59,sun,sun,2014,8,16
17-08-2014,21.4,74,2.8,83,994.6,0,58,sun,sun,2014,8,17
18-08-2014,22.5,86,3.3,230,1003.1,0,32,sun,sun,2014,8,18
19-08-2014,21.4,77,2.4,287,995.2,0,18,sun,sun,2014,8,19
20-08-2014,17.8,59,3.6,160,1018.7,0,27,sun,sun,2014,8,20
21-08-2014,16.1,88,1.7,271,1016.5,0,51,sun,fog,2014,8,21
22-08-2014,18.6,66,2.9,37,1016.1,0,48,sun,sun,2014,8,22
23-08-2014,20.85,88,2,225,1004.2,0,36,sun,sun,2014,8,23
24-08-2014,19.15,71,2.3,141,1003.3,0,25,sun,sun,2014,8,24
25-08-2014,21.65,75,2,291,1015.1,0,98,sun,sun,2014,8,25
26-08-2014,23.35,93,1.8,150,1006.3,0,97,sun,sun,2014,8,26
27-08-2014,22.5,74,1.6,113,1002.8,0,98,sun,sun,2014,8,27
28-08-2014,18.85,66,2.3,236,1007.9,0,39,sun,sun,2014,8,28
29-08-2014,18.9,62,3.4,65,1006.4,0,79,sun,sun,2014,8,29
30-08-2014,16.4,69,2.2,360,1004.3,8.4,37,rain,drizzle,2014,8,30
31-08-2014,17.5,74,1.9,340,1000.7,1.3,76,rain,rain,2014,8,31
01-09-2014,18.05,53,2.5,257,1017.5,0,86,sun,sun,2014,9,1
02-09-2014,16.95,59,4.3,248,1028.6,3,53,rain,rain,2014,9,2
03-09-2014,16.7,52,2.7,330,1012.6,0,21,sun,sun,2014,9,3
04-09-2014,17.5,90,3.1,322,1015.2,0,15,fog,rain,2014,9,4
05-09-2014,20.85,94,6.5,179,1018.4,0,27,fog,fog,2014,9,5
06-09-2014,23.6,67,2.9,189,1016.7,0,34,sun,sun,2014,9,6
07-09-2014,20.8,96,2.1,153,1004.5,0,59,sun,sun,2014,9,7
08-09-2014,17.2,85,2.8,195,1030.2,0,44,sun,sun,2014,9,8
09-09-2014,17.5,96,2.3,310,1005.4,0,45,sun,sun,2014,9,9
10-09-2014,17.2,71,3.9,261,1019.5,0,71,sun,sun,2014,9,10
11-09-2014,18.6,83,5.3,142,1018.3,0,54,sun,sun,2014,9,11
12-09-2014,18.6,96,5.9,341,993.4,0,85,sun,sun,2014,9,12
13-09-2014,19.15,57,4.2,315,1009.4,0,84,sun,drizzle,2014,9,13
14-09-2014,20.85,89,1.8,100,1013.6,0,25,sun,fog,2014,9,14
15-09-2014,21.4,98,1.2,243,1014.3,0,84,sun,sun,2014,9,15
16-09-2014,18.05,93,2.8,11,1016,0,24,sun,sun,2014,9,16
17-09-2014,18.6,68,2.3,238,1020.6,0.5,64,rain,rain,2014,9,17
18-09-2014,17.2,91,3.1,48,1012.9,0.3,5,rain,rain,2014,9,18
19-09-2014,20,90,2.8,41,1016.5,0,22,sun,fog,2014,9,19
20-09-2014,19.4,86,4.4,165,1012.6,0,63,fog,fog,2014,9,20
21-09-2014,19.45,55,3,81,1002.8,0,86,sun,rain,2014,9,21
22-09-2014,18.6,75,2.1,290,1013.3,0.3,42,rain,sun,2014,9,22
23-09-2014,16.65,83,2.5,157,1020.5,18.3,22,rain,rain,2014,9,23
24-09-2014,16.65,94,2.7,215,1024.1,20.3,95,rain,rain,2014,9,24
25-09-2014,18.05,55,2.5,157,1018.4,4.3,29,rain,rain,2014,9,25
26-09-2014,16.95,86,3.3,133,1026.3,8.9,76,rain,rain,2014,9,26
27-09-2014,16.15,82,3.2,66,1017.2,0,17,fog,fog,2014,9,27
28-09-2014,15.55,71,2,335,1021.6,0,86,fog,rain,2014,9,28
29-09-2014,13.9,70,3.5,6,1022.4,0.8,78,rain,rain,2014,9,29
30-09-2014,15.8,55,2.6,13,1010.8,0,96,sun,sun,2014,9,30
01-10-2014,14.7,55,2.1,72,1020.3,0,20,sun,sun,2014,10,1
02-10-2014,14.7,97,2,162,1003.6,0,56,sun,sun,2014,10,2
03-10-2014,15.55,53,1,65,1016.5,0,22,sun,sun,2014,10,3
04-10-2014,16.95,79,1.2,346,1018.8,0,90,sun,sun,2014,10,4
05-10-2014,17.8,60,1.4,129,1023.5,0,44,fog,fog,2014,10,5
06-10-2014,19.45,79,2.5,205,1021.2,0,43,fog,fog,2014,10,6
07-10-2014,16.4,80,1,275,1023.6,0,81,fog,fog,2014,10,7
08-10-2014,16.7,73,1.8,255,1012,0,87,fog,fog,2014,10,8
09-10-2014,14.15,58,1,265,1009.5,0,46,fog,fog,2014,10,9
10-10-2014,14.15,52,3.8,24,1010.3,0.3,39,rain,rain,2014,10,10
11-10-2014,15,80,3.5,280,1015.7,7.4,50,rain,rain,2014,10,11
12-10-2014,14.75,89,2.1,252,994.9,0,41,sun,sun,2014,10,12
13-10-2014,15.55,86,3.1,309,1026.3,7.6,6,rain,rain,2014,10,13
14-10-2014,14.2,85,2.2,288,1013.4,7.1,49,rain,rain,2014,10,14
15-10-2014,13.9,73,4.7,163,1008.8,8.6,47,rain,rain,2014,10,15
16-10-2014,15.85,80,3.3,94,987.7,0,83,sun,sun,2014,10,16
17-10-2014,14.2,55,3,269,1012.6,3.3,90,rain,rain,2014,10,17
18-10-2014,16.65,51,1.9,320,1011,15,5,rain,rain,2014,10,18
19-10-2014,17.5,69,3.2,109,1004,0,90,sun,sun,2014,10,19
20-10-2014,14.15,77,3.1,335,1006.3,11.7,8,rain,rain,2014,10,20
21-10-2014,13.9,60,4.7,309,1012.7,1,56,rain,snow,2014,10,21
22-10-2014,13.65,53,5,237,1007.1,32,30,rain,rain,2014,10,22
23-10-2014,11.35,64,4.6,24,1018.7,9.4,20,rain,rain,2014,10,23
24-10-2014,11.65,55,3.2,140,1005.5,4.1,89,rain,rain,2014,10,24
25-10-2014,12.5,98,5.4,116,1014.5,6.1,39,rain,rain,2014,10,25
26-10-2014,10.3,79,5,24,1024.8,1.5,44,rain,rain,2014,10,26
27-10-2014,11.15,87,2.4,78,1012.6,0.8,76,rain,fog,2014,10,27
28-10-2014,12.2,51,3.9,67,1016.6,12.7,48,rain,rain,2014,10,28
29-10-2014,14.2,64,3.1,172,1015.9,0.5,86,rain,drizzle,2014,10,29
30-10-2014,13.35,60,3.2,11,1013.1,25.4,19,rain,rain,2014,10,30
31-10-2014,10.55,57,2,287,1012.3,17,100,rain,rain,2014,10,31
01-11-2014,9.15,75,1.2,127,1007.3,0,91,fog,fog,2014,11,1
02-11-2014,10.25,94,2.9,95,1014.5,1.8,16,rain,rain,2014,11,2
03-11-2014,12.5,93,4.8,91,1010.2,10.9,27,rain,rain,2014,11,3
04-11-2014,12.5,54,3.3,140,1028.5,4.1,40,rain,rain,2014,11,4
05-11-2014,12.8,55,2.1,30,1021.1,4.8,65,rain,rain,2014,11,5
06-11-2014,13.65,75,6.7,333,998.5,4.1,24,rain,rain,2014,11,6
07-11-2014,10.8,53,2.3,19,999,0,57,sun,sun,2014,11,7
08-11-2014,8.35,68,0.8,145,1011.7,0,40,fog,rain,2014,11,8
09-11-2014,10.55,69,3,315,1009,5.1,5,rain,rain,2014,11,9
10-11-2014,8.35,82,3.9,159,1011.2,0,74,sun,sun,2014,11,10
11-11-2014,4.45,69,7.7,348,1019.5,0,37,sun,fog,2014,11,11
12-11-2014,3.35,98,7.6,42,1016.2,0,5,sun,sun,2014,11,12
13-11-2014,3.9,61,4.7,253,1016.1,0,44,sun,sun,2014,11,13
14-11-2014,2.55,96,4.5,129,1027.5,0,74,sun,sun,2014,11,14
15-11-2014,3.35,50,4.2,59,999.1,0,13,sun,sun,2014,11,15
16-11-2014,3.65,75,4.2,150,1014,0,65,sun,drizzle,2014,11,16
17-11-2014,4.25,63,1.9,286,1007.2,0,39,sun,sun,2014,11,17
18-11-2014,3.35,87,0.9,4,1027.4,0,2,sun,sun,2014,11,18
19-11-2014,6.65,86,1.9,265,990.9,0,98,sun,drizzle,2014,11,19
20-11-2014,8.35,60,2.1,344,991.3,3.6,96,rain,rain,2014,11,20
21-11-2014,9.7,85,4.7,129,1016,15.2,23,rain,rain,2014,11,21
22-11-2014,8.05,62,4.7,266,1024.3,0.5,18,rain,rain,2014,11,22
23-11-2014,9.2,92,5.1,177,1020.7,11.9,17,rain,rain,2014,11,23
24-11-2014,8.05,52,3.8,252,1005,1.3,63,rain,sun,2014,11,24
25-11-2014,11.65,82,4.5,55,1028.1,18.3,87,rain,rain,2014,11,25
26-11-2014,13.6,55,3.9,82,1000.7,0.3,34,rain,fog,2014,11,26
27-11-2014,13.05,99,6.6,98,1026.1,3.3,61,rain,sun,2014,11,27
28-11-2014,8.05,59,5.8,148,1002,34.3,0,rain,rain,2014,11,28
29-11-2014,0.05,54,5.3,328,1009.5,3.6,99,snow,snow,2014,11,29
30-11-2014,-1.05,72,4.4,155,1019.4,0,24,sun,sun,2014,11,30
01-12-2014,0.6,59,2.2,189,998.3,0,44,sun,sun,2014,12,1
02-12-2014,1.2,93,5.7,262,1027.7,0,48,fog,fog,2014,12,2
03-12-2014,5,51,3.6,79,1009.4,0,97,sun,sun,2014,12,3
04-12-2014,6.1,62,1.1,251,1014.4,0.8,88,rain,rain,2014,12,4
05-12-2014,9.75,89,3.1,96,1024.6,3,15,rain,rain,2014,12,5
06-12-2014,9.75,51,3.6,259,1005.1,7.4,97,rain,rain,2014,12,6
07-12-2014,10.25,69,2.8,259,1023.6,0,92,sun,sun,2014,12,7
08-12-2014,11.65,50,4.2,102,1029.4,9.1,18,rain,drizzle,2014,12,8
09-12-2014,13.35,86,5.1,39,1006.4,9.9,22,rain,snow,2014,12,9
10-12-2014,14.45,58,6.7,272,1026.7,13,82,rain,rain,2014,12,10
11-12-2014,11.35,66,6.4,100,995.4,6.9,24,rain,rain,2014,12,11
12-12-2014,9.15,58,3.7,358,1016.9,0,15,sun,sun,2014,12,12
13-12-2014,6.95,60,1.1,307,1000.7,0,53,fog,fog,2014,12,13
14-12-2014,7.25,64,3.5,220,1022.4,0,72,fog,fog,2014,12,14
15-12-2014,9.45,73,5.9,307,1021.6,0,0,sun,sun,2014,12,15
16-12-2014,9.15,87,4,123,1033.8,0,41,sun,sun,2014,12,16
17-12-2014,7.5,84,1.6,230,1027.2,2.8,18,rain,rain,2014,12,17
18-12-2014,8.05,79,3.1,177,1011.3,13,96,rain,rain,2014,12,18
19-12-2014,9.15,80,4.3,62,1002.2,3,33,rain,rain,2014,12,19
20-12-2014,9.75,98,5.5,115,1018.7,19.6,79,rain,snow,2014,12,20
21-12-2014,11.4,54,5.2,190,1012.4,0,54,sun,sun,2014,12,21
22-12-2014,8.35,93,1.5,61,1028.5,0,17,sun,sun,2014,12,22
23-12-2014,8.6,99,3.8,255,991.3,20.6,33,rain,rain,2014,12,23
24-12-2014,5.55,63,1.8,6,1034.9,5.3,88,rain,rain,2014,12,24
25-12-2014,5.3,60,2.2,154,1018.3,0,44,fog,fog,2014,12,25
26-12-2014,3.65,58,1.2,91,1004.9,0,5,fog,fog,2014,12,26
27-12-2014,6.9,83,4.9,13,1020.3,3.3,20,rain,fog,2014,12,27
28-12-2014,4.75,61,1.8,228,1026,4.1,69,rain,rain,2014,12,28
29-12-2014,3.35,84,4.3,85,1014.1,0,95,fog,fog,2014,12,29
30-12-2014,0.6,84,3.6,132,995.4,0,47,sun,sun,2014,12,30
31-12-2014,0.3,50,3,182,1010.1,0,38,sun,sun,2014,12,31
01-01-2015,1.2,89,1.2,61,1023.4,0,30,sun,sun,2015,1,1
02-01-2015,2.8,71,2.3,218,1018,1.5,9,rain,rain,2015,1,2
03-01-2015,3.35,78,1.7,245,1011.4,0,29,fog,fog,2015,1,3
04-01-2015,6.95,57,4.5,229,1026.1,10.2,17,rain,rain,2015,1,4
05-01-2015,10.8,60,6.4,78,1020.4,8.1,59,rain,rain,2015,1,5
06-01-2015,9.15,90,1.3,148,1021.2,0,87,fog,fog,2015,1,6
07-01-2015,6.7,86,1.6,137,1008.9,0,72,fog,fog,2015,1,7
08-01-2015,4.75,63,2.6,313,1007.9,0,94,fog,fog,2015,1,8
09-01-2015,6.65,79,0.6,64,996,0.3,14,rain,rain,2015,1,9
10-01-2015,6.95,84,0.5,12,1010.4,5.8,3,rain,rain,2015,1,10
11-01-2015,8.3,70,1.1,212,1022.4,1.5,62,rain,rain,2015,1,11
12-01-2015,7.75,86,1.6,241,1011,0,39,fog,fog,2015,1,12
13-01-2015,6.1,54,2.7,212,1017.5,0,8,fog,fog,2015,1,13
14-01-2015,3.35,68,2.8,180,1024.1,0,8,fog,fog,2015,1,14
15-01-2015,4.45,63,3.2,337,1016.7,9.7,25,rain,rain,2015,1,15
16-01-2015,8.65,75,4.5,172,1017.7,0,3,fog,rain,2015,1,16
17-01-2015,8.3,53,2.8,159,999.4,26.2,80,rain,rain,2015,1,17
18-01-2015,10.55,74,6.6,163,1009.8,21.3,15,rain,rain,2015,1,18
19-01-2015,8.05,94,2.8,187,1030.3,0.5,14,rain,drizzle,2015,1,19
20-01-2015,6.65,91,3,190,1014,0,98,fog,sun,2015,1,20
21-01-2015,3.35,74,1.3,307,1032,0,51,fog,fog,2015,1,21
22-01-2015,7.75,67,1.3,255,1005.8,0.8,68,rain,rain,2015,1,22
23-01-2015,10.25,89,2.6,182,1015.3,5.8,4,rain,rain,2015,1,23
24-01-2015,12.75,57,3.3,116,1009.2,0.5,19,rain,rain,2015,1,24
25-01-2015,12.2,88,1.4,281,1018.9,0,78,fog,fog,2015,1,25
26-01-2015,11.1,89,2.2,195,1022,0,17,fog,fog,2015,1,26
27-01-2015,9.7,63,2,33,1019,0.8,1,rain,rain,2015,1,27
28-01-2015,8.6,81,1.8,51,1023.4,0,92,fog,fog,2015,1,28
29-01-2015,7.75,87,2.9,111,1012.9,0,12,sun,sun,2015,1,29
30-01-2015,4.7,82,0.8,251,1011.1,0,3,fog,fog,2015,1,30
31-01-2015,5.25,72,1.9,81,995.4,0,41,fog,fog,2015,1,31
01-02-2015,6.9,64,2.6,231,1019.4,1.5,73,rain,rain,2015,2,1
02-02-2015,8.05,82,4,226,1014.7,7.4,60,rain,sun,2015,2,2
03-02-2015,7.8,74,1.9,232,1012.3,1.3,94,rain,rain,2015,2,3
04-02-2015,7.5,66,1.7,220,1011.1,8.4,7,rain,rain,2015,2,4
05-02-2015,10.8,82,4.6,41,1012.6,26.2,66,rain,rain,2015,2,5
06-02-2015,12.2,96,4.5,20,1010.6,17.3,62,rain,rain,2015,2,6
07-02-2015,10.8,51,4.6,41,1007.7,23.6,8,rain,rain,2015,2,7
08-02-2015,11.65,63,3.9,112,1015.4,3.6,93,rain,rain,2015,2,8
09-02-2015,10.8,89,2.5,104,1017.8,6.1,10,rain,rain,2015,2,9
10-02-2015,10.55,89,4,191,1005.3,0.3,98,rain,rain,2015,2,10
11-02-2015,9.2,88,1,16,1009,0,100,fog,fog,2015,2,11
12-02-2015,13.05,55,2.1,119,1011,1,41,rain,rain,2015,2,12
13-02-2015,11.15,55,1.7,128,1013,0,12,fog,fog,2015,2,13
14-02-2015,10.55,52,2.9,129,1011.7,0.3,35,rain,fog,2015,2,14
15-02-2015,8.05,56,4.8,59,1019.6,0,12,sun,drizzle,2015,2,15
16-02-2015,10.3,57,6.6,47,996.5,0,11,fog,fog,2015,2,16
17-02-2015,10.25,91,4,28,998.2,0,36,sun,sun,2015,2,17
18-02-2015,8.3,64,2.6,96,1014.9,0,73,sun,fog,2015,2,18
19-02-2015,9.45,96,2.2,9,1007,4.6,72,rain,rain,2015,2,19
20-02-2015,9.15,78,0.9,241,1021.8,0.8,51,rain,rain,2015,2,20
21-02-2015,8.9,82,4.5,313,1024.7,0,70,sun,sun,2015,2,21
22-02-2015,7.5,79,4.2,231,1015.3,0,1,sun,rain,2015,2,22
23-02-2015,6.7,88,1.4,276,1002.3,0,55,sun,sun,2015,2,23
24-02-2015,6.65,76,1.5,283,1023.5,0,59,sun,sun,2015,2,24
25-02-2015,8.35,85,1,202,1015,4.1,22,rain,rain,2015,2,25
26-02-2015,9.75,78,1.4,246,998.1,9.4,39,rain,rain,2015,2,26
27-02-2015,8.35,87,4,289,999,18.3,63,rain,rain,2015,2,27
28-02-2015,7.75,82,5.1,263,1028.2,0,84,sun,sun,2015,2,28
01-03-2015,6.1,86,2.2,213,1026.5,0,22,sun,sun,2015,3,1
02-03-2015,7.75,76,4.8,199,987.8,0,28,sun,sun,2015,3,2
03-03-2015,5.3,82,2.1,78,999.4,0,77,sun,sun,2015,3,3
04-03-2015,6.15,53,1.8,342,1024.4,0,89,sun,sun,2015,3,4
05-03-2015,8.05,71,1.3,343,1012.8,0,50,sun,sun,2015,3,5
06-03-2015,9.15,51,1.4,172,1020,0,68,sun,sun,2015,3,6
07-03-2015,10.3,59,2.7,68,1012.4,0,94,fog,sun,2015,3,7
08-03-2015,10.55,54,1.7,86,1019.5,0,88,fog,fog,2015,3,8
09-03-2015,9.4,59,1.8,100,1013.1,0,30,fog,fog,2015,3,9
10-03-2015,9.15,82,2.6,7,1008.6,0.8,49,rain,rain,2015,3,10
11-03-2015,11.65,87,3.1,332,1023.6,2.5,19,rain,rain,2015,3,11
12-03-2015,13.6,62,3.2,199,1015,0,54,sun,sun,2015,3,12
13-03-2015,12.5,80,2.2,86,1019.5,2,80,rain,rain,2015,3,13
14-03-2015,11.65,96,3.8,42,1014.6,17,1,rain,rain,2015,3,14
15-03-2015,8.35,85,4.2,108,1008.1,55.9,24,rain,sun,2015,3,15
16-03-2015,10,94,3,151,1029.1,1,12,rain,rain,2015,3,16
17-03-2015,8.85,73,2.6,16,1016.5,0.8,91,rain,rain,2015,3,17
18-03-2015,11.4,64,2.5,132,1009.4,0,69,sun,sun,2015,3,18
19-03-2015,11.95,78,1.9,147,1025.8,0,66,sun,fog,2015,3,19
20-03-2015,11.4,57,1.9,276,999.8,4.1,57,rain,rain,2015,3,20
21-03-2015,10.8,54,4.7,231,1035.4,3.8,98,rain,rain,2015,3,21
22-03-2015,8.9,78,2.3,313,1011.2,1,81,rain,rain,2015,3,22
23-03-2015,8.35,96,2.8,227,1000.3,8.1,74,rain,rain,2015,3,23
24-03-2015,9.45,53,3.9,138,1032.1,7.6,83,rain,rain,2015,3,24
25-03-2015,10.8,61,4.4,210,1008.4,5.1,63,rain,rain,2015,3,25
26-03-2015,15.3,94,2.2,27,1015.4,0,68,sun,sun,2015,3,26
27-03-2015,13.6,51,4,50,1020.2,1,82,rain,snow,2015,3,27
28-03-2015,12.5,76,5.7,260,1024.8,0,85,sun,sun,2015,3,28
29-03-2015,12.25,80,3,260,1016,0,58,sun,sun,2015,3,29
30-03-2015,14.2,85,2.9,349,1006.5,1.8,59,rain,rain,2015,3,30
31-03-2015,9.45,85,4.2,351,1015.2,1,82,rain,rain,2015,3,31
01-04-2015,9.2,75,3.2,7,1008.8,5.1,61,rain,rain,2015,4,1
02-04-2015,9.45,92,2.4,319,1015.5,0,15,sun,sun,2015,4,2
03-04-2015,8.05,76,3.6,137,1029.3,1.5,87,rain,rain,2015,4,3
04-04-2015,8.35,54,1.7,37,1020.6,0,67,sun,fog,2015,4,4
05-04-2015,9.75,69,2.4,110,1015.1,0,14,sun,sun,2015,4,5
06-04-2015,10.3,60,3.5,219,1020.4,1,88,rain,drizzle,2015,4,6
07-04-2015,10.55,59,3.9,336,1021.1,0.5,54,rain,rain,2015,4,7
08-04-2015,11.65,89,1.7,222,1002.2,0,34,sun,sun,2015,4,8
09-04-2015,11.65,87,2.3,135,1013.4,0,54,sun,sun,2015,4,9
10-04-2015,10.85,55,4.6,255,1038.6,10.9,13,rain,rain,2015,4,10
11-04-2015,8.65,57,6.5,359,1025.1,0,48,sun,sun,2015,4,11
12-04-2015,9.45,72,3.6,328,1008,0,82,sun,sun,2015,4,12
13-04-2015,7.8,96,3.6,48,1007,14,99,rain,rain,2015,4,13
14-04-2015,7.25,75,3.3,291,1006.6,3.3,6,rain,sun,2015,4,14
15-04-2015,8.6,95,2.4,323,1021.7,0,29,sun,sun,2015,4,15
16-04-2015,10.85,92,3.1,77,1029.1,0,82,sun,sun,2015,4,16
17-04-2015,12.5,61,3.6,104,1018.8,0,48,sun,sun,2015,4,17
18-04-2015,13.6,75,3.9,168,1014.6,0,88,sun,sun,2015,4,18
19-04-2015,14.7,62,3.6,216,1008.6,0,15,sun,sun,2015,4,19
20-04-2015,15.3,89,2.6,118,1016.3,0,50,sun,sun,2015,4,20
21-04-2015,11.95,67,3.4,189,1004.8,5.6,71,rain,snow,2015,4,21
22-04-2015,10.3,74,2.3,254,993.6,0,81,sun,sun,2015,4,22
23-04-2015,9.45,82,4.1,265,1029.4,3,91,rain,sun,2015,4,23
24-04-2015,9.15,96,5,148,1002.9,3.3,79,rain,sun,2015,4,24
25-04-2015,9.45,89,3,163,1009.8,1.3,82,rain,fog,2015,4,25
26-04-2015,10,92,2.7,139,1019.6,0,41,fog,rain,2015,4,26
27-04-2015,17.8,61,2.3,346,1027.3,0.3,16,rain,rain,2015,4,27
28-04-2015,12.25,93,4.3,257,1015.6,1.8,62,rain,drizzle,2015,4,28
29-04-2015,11.65,85,4.7,268,1001.1,0,44,sun,sun,2015,4,29
30-04-2015,12.5,97,2.1,180,1010,0,76,sun,sun,2015,4,30
01-05-2015,13.6,53,3.7,159,1006.2,0,6,sun,snow,2015,5,1
02-05-2015,13.05,54,3.7,350,1012.6,0,26,sun,fog,2015,5,2
03-05-2015,14.2,86,2.6,287,1025.3,0,9,sun,sun,2015,5,3
04-05-2015,12.2,57,5.2,287,987.6,0,33,sun,sun,2015,5,4
05-05-2015,10.8,91,5.1,225,1008.9,6.1,35,rain,fog,2015,5,5
06-05-2015,11.95,98,2.6,10,1008.2,0,24,fog,fog,2015,5,6
07-05-2015,13.35,77,3,9,1000.4,0,5,sun,sun,2015,5,7
08-05-2015,16.1,80,3,270,1018.9,0,23,sun,sun,2015,5,8
09-05-2015,18.05,58,2.6,272,998.9,0,17,sun,sun,2015,5,9
10-05-2015,15.25,78,2.8,182,1000,0,86,sun,sun,2015,5,10
11-05-2015,11.95,63,2.5,152,1021.5,0,5,fog,fog,2015,5,11
12-05-2015,13.1,89,3.3,314,1028,4.3,28,rain,rain,2015,5,12
13-05-2015,11.1,90,2.8,333,1012.2,4.1,24,rain,rain,2015,5,13
14-05-2015,13.6,71,2,123,1000.8,0.3,54,rain,rain,2015,5,14
15-05-2015,14.7,60,2.8,113,1005.9,0,80,fog,rain,2015,5,15
16-05-2015,13.35,72,3,277,1023.1,0,45,sun,rain,2015,5,16
17-05-2015,15,50,2.1,212,1014.2,0,23,sun,rain,2015,5,17
18-05-2015,18.9,95,3,171,1012,0,74,sun,sun,2015,5,18
19-05-2015,16.7,86,2.6,287,1016.1,0,25,sun,sun,2015,5,19
20-05-2015,16.95,70,1.8,173,1012.6,0,97,fog,fog,2015,5,20
21-05-2015,18.65,75,2.1,112,1028.5,0,27,sun,sun,2015,5,21
22-05-2015,14.2,95,3.7,121,1005.5,0,2,sun,fog,2015,5,22
23-05-2015,13.9,85,2.6,31,1004.4,0,74,sun,snow,2015,5,23
24-05-2015,14.45,72,2.7,221,999.2,0,37,sun,snow,2015,5,24
25-05-2015,13.35,50,2.7,118,1007.6,0,60,sun,sun,2015,5,25
26-05-2015,16.7,89,2.1,38,1002.1,0,77,sun,sun,2015,5,26
27-05-2015,18.05,64,1.8,267,1015.2,0,50,sun,sun,2015,5,27
28-05-2015,20,70,2.1,232,1013.2,0,89,sun,sun,2015,5,28
29-05-2015,19.45,96,2.5,17,1002.2,0,47,sun,rain,2015,5,29
30-05-2015,16.4,58,2.5,148,1018.9,0,20,sun,sun,2015,5,30
31-05-2015,18.35,58,2.2,148,1028.2,0,53,sun,snow,2015,5,31
01-06-2015,13.9,59,3.4,125,1016.6,4.6,55,rain,rain,2015,6,1
02-06-2015,15.3,75,5,301,987.6,0.5,93,rain,rain,2015,6,2
03-06-2015,15.85,90,3,359,1032.9,0,58,sun,sun,2015,6,3
04-06-2015,17.25,84,3.9,237,1020.5,0,71,sun,sun,2015,6,4
05-06-2015,19.75,74,4.3,134,1032.6,0,50,sun,rain,2015,6,5
06-06-2015,21.35,75,2.6,150,1023.9,0,19,sun,sun,2015,6,6
07-06-2015,23.35,60,3.2,235,1025.9,0,95,sun,sun,2015,6,7
08-06-2015,22.5,87,3.5,223,1015.1,0,85,sun,sun,2015,6,8
09-06-2015,21.65,51,2.7,202,1010.4,0,58,sun,fog,2015,6,9
10-06-2015,18.35,56,3,255,1016.7,0,70,sun,sun,2015,6,10
11-06-2015,17.75,67,3.5,85,1005.9,0,8,sun,sun,2015,6,11
12-06-2015,15.85,76,2.3,149,1017.3,0,0,sun,sun,2015,6,12
13-06-2015,16.65,83,2.6,234,986.7,0,28,sun,sun,2015,6,13
14-06-2015,19.75,76,3.7,344,1013.4,0,62,sun,sun,2015,6,14
15-06-2015,23.05,66,3.5,21,1026.4,0,71,drizzle,drizzle,2015,6,15
16-06-2015,16.95,92,3,347,1013.9,0,55,sun,snow,2015,6,16
17-06-2015,18.05,93,3.1,284,1030.3,0,67,sun,sun,2015,6,17
18-06-2015,19.15,73,3,268,1010.4,0,34,sun,sun,2015,6,18
19-06-2015,18.6,74,3.2,257,1023,0.5,2,rain,rain,2015,6,19
20-06-2015,18.9,56,4.3,28,1004.2,0,6,sun,sun,2015,6,20
21-06-2015,19.75,55,3.4,212,1022.6,0,26,sun,sun,2015,6,21
22-06-2015,18.9,73,2.4,282,1015.3,0,0,sun,sun,2015,6,22
23-06-2015,18.9,82,2.4,49,1010.8,0,90,sun,rain,2015,6,23
24-06-2015,20.85,98,2.6,94,987.3,0,79,sun,sun,2015,6,24
25-06-2015,23.1,78,3,87,1010.5,0,70,sun,sun,2015,6,25
26-06-2015,24.75,92,4.7,43,1015.1,0,43,sun,sun,2015,6,26
27-06-2015,25.25,71,3.9,277,1021.3,0,86,sun,snow,2015,6,27
28-06-2015,23.3,75,2.1,170,1028.6,0.3,40,rain,rain,2015,6,28
29-06-2015,23.05,77,2.7,188,1033.4,0,74,sun,sun,2015,6,29
30-06-2015,22.8,99,3.4,352,1025.5,0,41,fog,fog,2015,6,30
01-07-2015,24.7,70,4.3,183,1007.4,0,32,sun,drizzle,2015,7,1
02-07-2015,25.85,98,3.4,2,1010,0,49,sun,sun,2015,7,2
03-07-2015,25.55,56,2.6,190,1020.4,0,62,sun,sun,2015,7,3
04-07-2015,24.15,66,2.9,117,1018.2,0,99,sun,sun,2015,7,4
05-07-2015,24.75,69,2.1,18,1029.3,0,36,sun,sun,2015,7,5
06-07-2015,22.5,90,3.2,22,1037.8,0,58,drizzle,drizzle,2015,7,6
07-07-2015,20.55,98,2.4,29,1035.7,0,80,sun,sun,2015,7,7
08-07-2015,22.2,69,1.9,294,1027.9,0,98,drizzle,drizzle,2015,7,8
09-07-2015,21.65,71,3.4,107,1018.3,0,47,sun,sun,2015,7,9
10-07-2015,18.9,77,3.7,280,1026.5,0,4,sun,sun,2015,7,10
11-07-2015,19.45,89,3,127,1029.6,0,47,sun,snow,2015,7,11
12-07-2015,21.4,98,2.2,228,1011.5,0,95,sun,sun,2015,7,12
13-07-2015,20.85,56,3.1,110,1007.7,0,2,sun,sun,2015,7,13
14-07-2015,21.95,50,3.3,135,1005.3,0,46,sun,sun,2015,7,14
15-07-2015,20.25,81,3.2,185,1004.2,0,61,sun,sun,2015,7,15
16-07-2015,20.55,62,2.8,143,999.2,0,98,sun,sun,2015,7,16
17-07-2015,20.85,79,3.3,71,1015.5,0,13,sun,sun,2015,7,17
18-07-2015,25.55,72,3.4,128,1003,0,62,sun,sun,2015,7,18
19-07-2015,26.1,68,3.3,260,1005.2,0,60,sun,sun,2015,7,19
20-07-2015,21.7,81,3.9,2,1020,0,30,sun,sun,2015,7,20
21-07-2015,19.45,79,2.4,103,1014.8,0,94,sun,sun,2015,7,21
22-07-2015,18.9,78,2.8,223,1017.3,0,16,sun,sun,2015,7,22
23-07-2015,20.25,98,1.9,319,1026.7,0,23,sun,sun,2015,7,23
24-07-2015,18.05,94,3.8,353,1021.6,0.3,22,rain,rain,2015,7,24
25-07-2015,17.75,78,2.4,9,1028.2,0,81,fog,fog,2015,7,25
26-07-2015,18.05,79,2.6,301,1013.8,2,49,rain,rain,2015,7,26
27-07-2015,17.75,65,1.9,230,1029.1,0,77,fog,sun,2015,7,27
28-07-2015,20.85,89,3.4,218,1016.6,0,78,sun,sun,2015,7,28
29-07-2015,23.3,68,3.8,65,1014.7,0,78,sun,fog,2015,7,29
30-07-2015,25.8,67,3.5,111,1027.6,0,69,sun,sun,2015,7,30
31-07-2015,26.1,50,2.6,12,1004.3,0,26,sun,sun,2015,7,31
01-08-2015,24.45,63,3.1,85,1033.2,0,14,sun,sun,2015,8,1
02-08-2015,23.35,96,2,233,1010.2,0,49,sun,sun,2015,8,2
03-08-2015,22.75,99,2.3,89,1000.8,0,35,sun,sun,2015,8,3
04-08-2015,20.25,51,2.6,313,1019.5,0,7,fog,fog,2015,8,4
05-08-2015,17.75,77,3.5,53,1009.2,0,78,sun,sun,2015,8,5
06-08-2015,20,98,2.9,11,1033.3,0,2,sun,sun,2015,8,6
07-08-2015,21.95,99,3.7,208,1008.7,0,61,sun,sun,2015,8,7
08-08-2015,20.3,79,3.6,13,1016.1,0,46,fog,fog,2015,8,8
09-08-2015,21.65,87,2.2,120,998.7,0,76,sun,sun,2015,8,9
10-08-2015,22.5,53,2.4,19,1021.1,0,97,sun,sun,2015,8,10
11-08-2015,23.35,50,4.4,74,1005.2,0,87,sun,sun,2015,8,11
12-08-2015,22.5,57,2.7,242,1019.9,7.6,95,rain,sun,2015,8,12
13-08-2015,21.95,78,2.2,222,1008.7,0,60,sun,sun,2015,8,13
14-08-2015,16.65,88,5.2,69,992.5,30.5,31,rain,rain,2015,8,14
15-08-2015,17.8,52,3.7,311,1014.3,0,93,sun,sun,2015,8,15
16-08-2015,19.7,81,3.7,210,1013.9,0,12,sun,rain,2015,8,16
17-08-2015,20.55,59,3,100,1021.8,0,0,sun,sun,2015,8,17
18-08-2015,22.5,59,3,185,1028.6,0,33,sun,sun,2015,8,18
19-08-2015,23.9,68,2.1,131,1032.1,0,61,drizzle,drizzle,2015,8,19
20-08-2015,18.6,95,4.2,110,1021.6,2,78,rain,rain,2015,8,20
21-08-2015,18.3,83,2.6,131,1015.8,0,77,sun,sun,2015,8,21
22-08-2015,19.45,82,2.5,19,998.7,0,92,drizzle,drizzle,2015,8,22
23-08-2015,20.85,72,1.8,23,1015,0,97,drizzle,drizzle,2015,8,23
24-08-2015,18.05,77,2.3,226,1015.1,0,81,sun,sun,2015,8,24
25-08-2015,18.9,81,3.4,153,1011,0,70,sun,sun,2015,8,25
26-08-2015,21.1,99,1.7,292,1019.3,0,92,sun,drizzle,2015,8,26
27-08-2015,21.9,56,2.1,229,1024.2,0,30,sun,snow,2015,8,27
28-08-2015,19.45,78,2.6,309,1004.8,0.5,63,rain,rain,2015,8,28
29-08-2015,17.75,57,5.8,358,1004.7,32.5,24,rain,rain,2015,8,29
30-08-2015,16.4,50,4.7,201,1011.6,10.2,37,rain,snow,2015,8,30
31-08-2015,17.5,52,5.8,37,1006.8,0,13,sun,sun,2015,8,31
01-09-2015,16.65,73,5,259,996.6,5.8,7,rain,rain,2015,9,1
02-09-2015,15.25,72,3.8,187,1003,0,90,sun,sun,2015,9,2
03-09-2015,14.45,57,2.9,56,1000.7,0,53,sun,fog,2015,9,3
04-09-2015,14.15,96,2.9,19,1025.1,0,1,sun,sun,2015,9,4
05-09-2015,14.75,86,3.5,272,1030,0.3,80,rain,rain,2015,9,5
06-09-2015,13.9,52,2.4,118,1002,5.3,100,rain,rain,2015,9,6
07-09-2015,17.2,82,1.5,70,1018.5,0.3,77,rain,snow,2015,9,7
08-09-2015,18.05,77,2.4,3,1021.7,0,88,sun,sun,2015,9,8
09-09-2015,19.15,96,3.3,220,998.1,0,55,sun,sun,2015,9,9
10-09-2015,19.7,57,3.6,13,1014.6,0,93,fog,fog,2015,9,10
11-09-2015,21.1,83,3.1,2,1038.3,0,92,sun,sun,2015,9,11
12-09-2015,20.55,84,2.1,215,1019.8,0,83,sun,sun,2015,9,12
13-09-2015,16.7,81,3,228,1010.5,0.5,84,rain,rain,2015,9,13
14-09-2015,13.65,73,3.4,335,1007.4,0,60,sun,sun,2015,9,14
15-09-2015,13.9,63,2.8,185,992.8,0,21,sun,sun,2015,9,15
16-09-2015,15,81,1.9,54,1017.7,1,34,rain,snow,2015,9,16
17-09-2015,15.55,95,3.8,253,1032.5,1.8,100,rain,rain,2015,9,17
18-09-2015,16.1,92,2.6,23,1004.9,0,15,sun,sun,2015,9,18
19-09-2015,17.75,65,4.3,161,993.6,0,49,sun,sun,2015,9,19
20-09-2015,17.5,53,6.8,157,1006.4,4.1,42,rain,rain,2015,9,20
21-09-2015,13.85,86,2.7,81,1021.8,0,16,fog,fog,2015,9,21
22-09-2015,13.35,70,2,158,1008.7,0,79,sun,drizzle,2015,9,22
23-09-2015,14.45,63,1.8,187,1004.8,0,57,sun,sun,2015,9,23
24-09-2015,16.65,80,2.5,59,1013.2,0,1,fog,fog,2015,9,24
25-09-2015,14.2,97,2.6,304,1015.3,2,3,rain,rain,2015,9,25
26-09-2015,14.15,67,2.7,318,999.1,0,84,sun,sun,2015,9,26
27-09-2015,12.5,56,3.8,210,1010.8,0,38,sun,sun,2015,9,27
28-09-2015,15.25,59,5.1,151,1008,0,97,sun,sun,2015,9,28
29-09-2015,15.3,56,1.9,108,1006.6,0,93,sun,fog,2015,9,29
30-09-2015,14.15,82,1.3,75,1002.8,0,5,fog,fog,2015,9,30
01-10-2015,15.25,72,1.3,29,1022.4,0,80,fog,fog,2015,10,1
02-10-2015,12.8,70,2.9,313,1006.6,0,88,fog,fog,2015,10,2
03-10-2015,15.25,68,4.8,116,993.1,0,68,sun,sun,2015,10,3
04-10-2015,16.4,97,3.7,355,1015.6,0,68,sun,sun,2015,10,4
05-10-2015,16.35,68,1.6,191,1020.3,0,19,sun,sun,2015,10,5
06-10-2015,14.15,85,2.6,18,1005,0,63,drizzle,drizzle,2015,10,6
07-10-2015,15,78,2.2,172,1007.4,9.9,15,rain,rain,2015,10,7
08-10-2015,16.1,67,1.1,227,1006.5,0,50,fog,fog,2015,10,8
09-10-2015,15.8,51,2.6,349,1009.5,0.3,36,rain,rain,2015,10,9
10-10-2015,17.2,50,4.7,182,1024.1,28.7,72,rain,rain,2015,10,10
11-10-2015,14.2,96,2.6,112,1011.9,0,68,sun,sun,2015,10,11
12-10-2015,14.45,54,2.8,182,1021.4,4.6,41,rain,rain,2015,10,12
13-10-2015,13.05,69,3.2,145,1003.3,1.3,56,rain,rain,2015,10,13
14-10-2015,12.5,60,5,318,1009.2,0,65,fog,fog,2015,10,14
15-10-2015,15.25,91,3.4,115,1022.5,0,8,fog,snow,2015,10,15
16-10-2015,14.45,51,1.3,112,1004.9,0,99,sun,sun,2015,10,16
17-10-2015,15.55,52,1.3,250,1023.1,0.3,85,rain,rain,2015,10,17
18-10-2015,13.9,72,2,250,1006.7,3.8,63,rain,rain,2015,10,18
19-10-2015,14.7,61,2.6,302,1009.8,0.3,85,rain,rain,2015,10,19
20-10-2015,14.2,69,1.8,312,1029.7,0,21,fog,fog,2015,10,20
21-10-2015,12.2,54,1.3,117,1008.6,0,33,fog,fog,2015,10,21
22-10-2015,12.5,86,2.7,300,1014.5,0,54,fog,fog,2015,10,22
23-10-2015,10,87,2.6,160,1019.2,0,28,fog,fog,2015,10,23
24-10-2015,11.95,79,2.9,197,1015.3,0,37,fog,fog,2015,10,24
25-10-2015,14.15,58,3.4,259,1015.6,8.9,96,rain,sun,2015,10,25
26-10-2015,11.1,83,4.6,147,1012.4,6.9,17,rain,rain,2015,10,26
27-10-2015,11.95,93,1.7,239,1000,0,70,fog,fog,2015,10,27
28-10-2015,12.5,84,2.8,46,1016.5,3.3,64,rain,rain,2015,10,28
29-10-2015,13.6,71,4.7,197,1005.7,1.8,96,rain,rain,2015,10,29
30-10-2015,14.45,93,6.7,46,1020.8,19.3,0,rain,rain,2015,10,30
31-10-2015,13.65,73,7.2,77,1026.7,33,87,rain,rain,2015,10,31
01-11-2015,10.55,66,6,123,994.9,26.2,3,rain,drizzle,2015,11,1
02-11-2015,9.15,59,2.8,74,1026.7,0.3,3,rain,rain,2015,11,2
03-11-2015,7.8,79,1.4,358,1008.9,0.8,81,rain,rain,2015,11,3
04-11-2015,6.65,95,2.2,136,1011.7,0,26,sun,sun,2015,11,4
05-11-2015,9.75,72,2.3,89,1003.9,1.3,42,rain,rain,2015,11,5
06-11-2015,11.95,81,2.7,324,1014.9,0,58,fog,fog,2015,11,6
07-11-2015,10.8,66,3,60,1013.7,12.7,31,rain,rain,2015,11,7
08-11-2015,9.45,99,1.8,137,1023.8,6.6,32,rain,rain,2015,11,8
09-11-2015,7.5,66,1.3,49,1005.6,3.3,27,rain,rain,2015,11,9
10-11-2015,7.5,63,3.9,258,1029.6,1.3,54,rain,rain,2015,11,10
11-11-2015,8.6,58,4.6,106,1019.6,1.5,99,rain,rain,2015,11,11
12-11-2015,8.05,89,5.1,112,1013.9,9.9,59,rain,rain,2015,11,12
13-11-2015,11.35,51,6.5,349,1011.2,33.5,69,rain,rain,2015,11,13
14-11-2015,7.75,94,4.5,253,1009.9,47.2,61,rain,rain,2015,11,14
15-11-2015,5.55,74,4.1,117,1010.6,22.4,79,rain,rain,2015,11,15
16-11-2015,5.3,88,4,197,1014.7,2,33,rain,sun,2015,11,16
17-11-2015,10,58,8,336,1010.9,29.5,86,rain,rain,2015,11,17
18-11-2015,6.1,71,3.8,50,1006.6,1.5,87,rain,rain,2015,11,18
19-11-2015,5.85,92,4.2,244,1014.7,2,55,rain,sun,2015,11,19
20-11-2015,4.45,95,4,34,1004.6,0,12,fog,fog,2015,11,20
21-11-2015,4.75,53,4.7,301,1016.2,0,55,sun,sun,2015,11,21
22-11-2015,5.85,75,3.1,68,1010.8,0,17,fog,fog,2015,11,22
23-11-2015,3.35,78,1.3,348,1020,3,53,rain,rain,2015,11,23
24-11-2015,4.75,94,4.5,319,1022.9,7.1,76,rain,rain,2015,11,24
25-11-2015,3.6,83,5.7,48,1022.9,0,100,sun,sun,2015,11,25
26-11-2015,4.2,72,4.3,73,1016.2,0,42,sun,sun,2015,11,26
27-11-2015,3.9,86,3,191,1017.3,0,38,sun,sun,2015,11,27
28-11-2015,2.25,60,1,260,1009.8,0,60,sun,fog,2015,11,28
29-11-2015,-0.2,55,0.9,355,1019.8,0,41,fog,fog,2015,11,29
30-11-2015,0.9,67,1.7,69,1020.9,0.5,80,rain,rain,2015,11,30
01-12-2015,6.95,70,3.5,89,997.3,12.2,78,rain,rain,2015,12,1
02-12-2015,7.5,91,5,259,1016.8,2.5,17,rain,snow,2015,12,2
03-12-2015,11.7,85,5.9,125,1026.7,12.7,22,rain,rain,2015,12,3
04-12-2015,8.35,90,4.7,230,1009.4,2,53,rain,rain,2015,12,4
05-12-2015,8.05,87,4,294,1007.3,15.7,29,rain,rain,2015,12,5
06-12-2015,10,83,5.9,128,1008.8,11.2,97,rain,rain,2015,12,6
07-12-2015,9.7,66,3.4,279,998,27.4,57,rain,rain,2015,12,7
08-12-2015,12.8,86,6.2,312,1014.3,54.1,67,rain,drizzle,2015,12,8
09-12-2015,10,74,6.3,99,1013.3,13.5,66,rain,rain,2015,12,9
10-12-2015,8.9,87,7.5,325,1015,9.4,70,rain,rain,2015,12,10
11-12-2015,6.9,61,2.8,296,1017.2,0.3,17,rain,rain,2015,12,11
12-12-2015,7.25,72,5.6,181,1005,16,6,rain,rain,2015,12,12
13-12-2015,6.95,91,6.1,173,1015.7,1.3,39,rain,rain,2015,12,13
14-12-2015,4.75,71,1.7,315,1017.4,0,69,sun,sun,2015,12,14
15-12-2015,3.9,70,2.9,187,1008.1,1.5,85,rain,rain,2015,12,15
16-12-2015,4.45,76,2.3,56,1017.2,3.6,64,rain,rain,2015,12,16
17-12-2015,5.3,80,6,30,1013.8,21.8,67,rain,rain,2015,12,17
18-12-2015,6.65,55,5.1,83,1006.7,18.5,48,rain,rain,2015,12,18
19-12-2015,5.55,76,4.1,151,1015.8,0,51,fog,fog,2015,12,19
20-12-2015,6.1,89,6.7,35,1010.1,4.3,28,rain,rain,2015,12,20
21-12-2015,4.2,83,4.3,212,1020,27.4,20,rain,rain,2015,12,21
22-12-2015,5.3,61,5,105,1010.6,4.6,89,rain,rain,2015,12,22
23-12-2015,3.9,94,7.6,341,1000.1,6.1,77,rain,rain,2015,12,23
24-12-2015,3.9,56,4.3,219,1015.7,2.5,8,rain,rain,2015,12,24
25-12-2015,3.6,59,1.5,162,1015.3,5.8,46,rain,rain,2015,12,25
26-12-2015,2.2,94,2.5,219,1002.2,0,75,sun,sun,2015,12,26
27-12-2015,3.05,66,2.9,269,1020.5,8.6,41,rain,rain,2015,12,27
28-12-2015,3.35,75,1.3,119,1020,1.5,50,rain,rain,2015,12,28
29-12-2015,3.9,70,2.6,335,1004.3,0,55,fog,fog,2015,12,29
30-12-2015,2.3,77,3.4,181,1006.4,0,50,sun,sun,2015,12,30
31-12-2015,1.75,95,3.5,105,1011.6,0,69,sun,sun,2015,12,31
